[{"model": "admin.logentry", "pk": 1, "fields": {"action_time": "2020-11-18T18:06:33.509Z", "user": 9, "content_type": 16, "object_id": "1", "object_repr": "jobs.manjurulhoque.com", "action_flag": 2, "change_message": "[{\"changed\": {\"fields\": [\"Domain name\", \"Display name\"]}}]"}}, {"model": "admin.logentry", "pk": 2, "fields": {"action_time": "2020-11-18T18:07:39.568Z", "user": 9, "content_type": 17, "object_id": "1", "object_repr": "/about-us/ -- About us", "action_flag": 1, "change_message": "[{\"added\": {}}]"}}, {"model": "admin.logentry", "pk": 3, "fields": {"action_time": "2020-11-18T18:11:31.058Z", "user": 9, "content_type": 17, "object_id": "1", "object_repr": "/en/about-us/ -- About us", "action_flag": 2, "change_message": "[{\"changed\": {\"fields\": [\"URL\"]}}]"}}, {"model": "admin.logentry", "pk": 4, "fields": {"action_time": "2020-11-18T18:22:42.882Z", "user": 9, "content_type": 17, "object_id": "1", "object_repr": "/en/about-us/ -- About us", "action_flag": 2, "change_message": "[]"}}, {"model": "admin.logentry", "pk": 5, "fields": {"action_time": "2020-11-18T18:23:21.178Z", "user": 9, "content_type": 17, "object_id": "2", "object_repr": "/bn/about-us/ -- About us", "action_flag": 1, "change_message": "[{\"added\": {}}]"}}, {"model": "admin.logentry", "pk": 6, "fields": {"action_time": "2022-03-28T14:54:17.551Z", "user": 9, "content_type": 27, "object_id": "1", "object_repr": "ResumeCvCategory object (1)", "action_flag": 1, "change_message": "[{\"added\": {}}]"}}, {"model": "admin.logentry", "pk": 7, "fields": {"action_time": "2022-03-28T14:54:27.413Z", "user": 9, "content_type": 27, "object_id": "2", "object_repr": "ResumeCvCategory object (2)", "action_flag": 1, "change_message": "[{\"added\": {}}]"}}, {"model": "admin.logentry", "pk": 8, "fields": {"action_time": "2022-03-28T15:07:37.030Z", "user": 9, "content_type": 28, "object_id": "1", "object_repr": "Resume 1", "action_flag": 1, "change_message": "[{\"added\": {}}]"}}, {"model": "admin.logentry", "pk": 9, "fields": {"action_time": "2022-03-28T15:08:21.960Z", "user": 9, "content_type": 28, "object_id": "2", "object_repr": "Resume 2", "action_flag": 1, "change_message": "[{\"added\": {}}]"}}, {"model": "admin.logentry", "pk": 10, "fields": {"action_time": "2022-03-28T15:09:17.935Z", "user": 9, "content_type": 28, "object_id": "3", "object_repr": "CV", "action_flag": 1, "change_message": "[{\"added\": {}}]"}}, {"model": "admin.logentry", "pk": 11, "fields": {"action_time": "2022-03-28T15:09:48.650Z", "user": 9, "content_type": 28, "object_id": "4", "object_repr": "Resume 3", "action_flag": 1, "change_message": "[{\"added\": {}}]"}}, {"model": "admin.logentry", "pk": 12, "fields": {"action_time": "2022-08-26T09:42:08.221Z", "user": 28, "content_type": 6, "object_id": "1", "object_repr": "Learn Laravel with vue2", "action_flag": 3, "change_message": ""}}, {"model": "admin.logentry", "pk": 13, "fields": {"action_time": "2022-08-26T09:42:08.229Z", "user": 28, "content_type": 6, "object_id": "2", "object_repr": "Software Engineer", "action_flag": 3, "change_message": ""}}, {"model": "admin.logentry", "pk": 14, "fields": {"action_time": "2022-08-26T09:42:08.235Z", "user": 28, "content_type": 6, "object_id": "3", "object_repr": "Android Developer", "action_flag": 3, "change_message": ""}}, {"model": "admin.logentry", "pk": 15, "fields": {"action_time": "2022-08-26T09:42:08.241Z", "user": 28, "content_type": 6, "object_id": "4", "object_repr": "Support Engineer", "action_flag": 3, "change_message": ""}}, {"model": "admin.logentry", "pk": 16, "fields": {"action_time": "2022-08-26T09:42:08.247Z", "user": 28, "content_type": 6, "object_id": "5", "object_repr": "Dot net Developer", "action_flag": 3, "change_message": ""}}, {"model": "admin.logentry", "pk": 17, "fields": {"action_time": "2022-08-26T09:42:08.253Z", "user": 28, "content_type": 6, "object_id": "6", "object_repr": "Java Developer", "action_flag": 3, "change_message": ""}}, {"model": "admin.logentry", "pk": 18, "fields": {"action_time": "2022-08-26T09:42:08.258Z", "user": 28, "content_type": 6, "object_id": "7", "object_repr": "Senior Android Engineer", "action_flag": 3, "change_message": ""}}, {"model": "admin.logentry", "pk": 19, "fields": {"action_time": "2022-08-26T09:42:08.263Z", "user": 28, "content_type": 6, "object_id": "8", "object_repr": "ReactJS developer", "action_flag": 3, "change_message": ""}}, {"model": "admin.logentry", "pk": 20, "fields": {"action_time": "2022-08-26T09:42:08.268Z", "user": 28, "content_type": 6, "object_id": "9", "object_repr": "Frontend Engineer", "action_flag": 3, "change_message": ""}}, {"model": "admin.logentry", "pk": 21, "fields": {"action_time": "2022-08-26T09:42:08.273Z", "user": 28, "content_type": 6, "object_id": "10", "object_repr": "Frontend Engineer", "action_flag": 3, "change_message": ""}}, {"model": "admin.logentry", "pk": 22, "fields": {"action_time": "2022-08-26T13:54:03.129Z", "user": 28, "content_type": 18, "object_id": "11", "object_repr": "Node Js", "action_flag": 1, "change_message": "[{\"added\": {}}]"}}, {"model": "admin.logentry", "pk": 23, "fields": {"action_time": "2022-08-26T13:54:14.601Z", "user": 28, "content_type": 18, "object_id": "12", "object_repr": "Backend Developer", "action_flag": 1, "change_message": "[{\"added\": {}}]"}}, {"model": "admin.logentry", "pk": 24, "fields": {"action_time": "2022-08-26T13:54:28.813Z", "user": 28, "content_type": 18, "object_id": "13", "object_repr": "Frontend Developer", "action_flag": 1, "change_message": "[{\"added\": {}}]"}}, {"model": "auth.permission", "pk": 1, "fields": {"name": "Can add log entry", "content_type": 1, "codename": "add_logentry"}}, {"model": "auth.permission", "pk": 2, "fields": {"name": "Can change log entry", "content_type": 1, "codename": "change_logentry"}}, {"model": "auth.permission", "pk": 3, "fields": {"name": "Can delete log entry", "content_type": 1, "codename": "delete_logentry"}}, {"model": "auth.permission", "pk": 4, "fields": {"name": "Can view log entry", "content_type": 1, "codename": "view_logentry"}}, {"model": "auth.permission", "pk": 5, "fields": {"name": "Can add permission", "content_type": 2, "codename": "add_permission"}}, {"model": "auth.permission", "pk": 6, "fields": {"name": "Can change permission", "content_type": 2, "codename": "change_permission"}}, {"model": "auth.permission", "pk": 7, "fields": {"name": "Can delete permission", "content_type": 2, "codename": "delete_permission"}}, {"model": "auth.permission", "pk": 8, "fields": {"name": "Can view permission", "content_type": 2, "codename": "view_permission"}}, {"model": "auth.permission", "pk": 9, "fields": {"name": "Can add group", "content_type": 3, "codename": "add_group"}}, {"model": "auth.permission", "pk": 10, "fields": {"name": "Can change group", "content_type": 3, "codename": "change_group"}}, {"model": "auth.permission", "pk": 11, "fields": {"name": "Can delete group", "content_type": 3, "codename": "delete_group"}}, {"model": "auth.permission", "pk": 12, "fields": {"name": "Can view group", "content_type": 3, "codename": "view_group"}}, {"model": "auth.permission", "pk": 13, "fields": {"name": "Can add content type", "content_type": 4, "codename": "add_contenttype"}}, {"model": "auth.permission", "pk": 14, "fields": {"name": "Can change content type", "content_type": 4, "codename": "change_contenttype"}}, {"model": "auth.permission", "pk": 15, "fields": {"name": "Can delete content type", "content_type": 4, "codename": "delete_contenttype"}}, {"model": "auth.permission", "pk": 16, "fields": {"name": "Can view content type", "content_type": 4, "codename": "view_contenttype"}}, {"model": "auth.permission", "pk": 17, "fields": {"name": "Can add session", "content_type": 5, "codename": "add_session"}}, {"model": "auth.permission", "pk": 18, "fields": {"name": "Can change session", "content_type": 5, "codename": "change_session"}}, {"model": "auth.permission", "pk": 19, "fields": {"name": "Can delete session", "content_type": 5, "codename": "delete_session"}}, {"model": "auth.permission", "pk": 20, "fields": {"name": "Can view session", "content_type": 5, "codename": "view_session"}}, {"model": "auth.permission", "pk": 21, "fields": {"name": "Can add job", "content_type": 6, "codename": "add_job"}}, {"model": "auth.permission", "pk": 22, "fields": {"name": "Can change job", "content_type": 6, "codename": "change_job"}}, {"model": "auth.permission", "pk": 23, "fields": {"name": "Can delete job", "content_type": 6, "codename": "delete_job"}}, {"model": "auth.permission", "pk": 24, "fields": {"name": "Can view job", "content_type": 6, "codename": "view_job"}}, {"model": "auth.permission", "pk": 25, "fields": {"name": "Can add user", "content_type": 7, "codename": "add_user"}}, {"model": "auth.permission", "pk": 26, "fields": {"name": "Can change user", "content_type": 7, "codename": "change_user"}}, {"model": "auth.permission", "pk": 27, "fields": {"name": "Can delete user", "content_type": 7, "codename": "delete_user"}}, {"model": "auth.permission", "pk": 28, "fields": {"name": "Can view user", "content_type": 7, "codename": "view_user"}}, {"model": "auth.permission", "pk": 29, "fields": {"name": "Can add applicant", "content_type": 8, "codename": "add_applicant"}}, {"model": "auth.permission", "pk": 30, "fields": {"name": "Can change applicant", "content_type": 8, "codename": "change_applicant"}}, {"model": "auth.permission", "pk": 31, "fields": {"name": "Can delete applicant", "content_type": 8, "codename": "delete_applicant"}}, {"model": "auth.permission", "pk": 32, "fields": {"name": "Can view applicant", "content_type": 8, "codename": "view_applicant"}}, {"model": "auth.permission", "pk": 33, "fields": {"name": "Can add Token", "content_type": 9, "codename": "add_token"}}, {"model": "auth.permission", "pk": 34, "fields": {"name": "Can change Token", "content_type": 9, "codename": "change_token"}}, {"model": "auth.permission", "pk": 35, "fields": {"name": "Can delete Token", "content_type": 9, "codename": "delete_token"}}, {"model": "auth.permission", "pk": 36, "fields": {"name": "Can view Token", "content_type": 9, "codename": "view_token"}}, {"model": "auth.permission", "pk": 37, "fields": {"name": "Can add association", "content_type": 10, "codename": "add_association"}}, {"model": "auth.permission", "pk": 38, "fields": {"name": "Can change association", "content_type": 10, "codename": "change_association"}}, {"model": "auth.permission", "pk": 39, "fields": {"name": "Can delete association", "content_type": 10, "codename": "delete_association"}}, {"model": "auth.permission", "pk": 40, "fields": {"name": "Can view association", "content_type": 10, "codename": "view_association"}}, {"model": "auth.permission", "pk": 41, "fields": {"name": "Can add code", "content_type": 11, "codename": "add_code"}}, {"model": "auth.permission", "pk": 42, "fields": {"name": "Can change code", "content_type": 11, "codename": "change_code"}}, {"model": "auth.permission", "pk": 43, "fields": {"name": "Can delete code", "content_type": 11, "codename": "delete_code"}}, {"model": "auth.permission", "pk": 44, "fields": {"name": "Can view code", "content_type": 11, "codename": "view_code"}}, {"model": "auth.permission", "pk": 45, "fields": {"name": "Can add nonce", "content_type": 12, "codename": "add_nonce"}}, {"model": "auth.permission", "pk": 46, "fields": {"name": "Can change nonce", "content_type": 12, "codename": "change_nonce"}}, {"model": "auth.permission", "pk": 47, "fields": {"name": "Can delete nonce", "content_type": 12, "codename": "delete_nonce"}}, {"model": "auth.permission", "pk": 48, "fields": {"name": "Can view nonce", "content_type": 12, "codename": "view_nonce"}}, {"model": "auth.permission", "pk": 49, "fields": {"name": "Can add user social auth", "content_type": 13, "codename": "add_usersocialauth"}}, {"model": "auth.permission", "pk": 50, "fields": {"name": "Can change user social auth", "content_type": 13, "codename": "change_usersocialauth"}}, {"model": "auth.permission", "pk": 51, "fields": {"name": "Can delete user social auth", "content_type": 13, "codename": "delete_usersocialauth"}}, {"model": "auth.permission", "pk": 52, "fields": {"name": "Can view user social auth", "content_type": 13, "codename": "view_usersocialauth"}}, {"model": "auth.permission", "pk": 53, "fields": {"name": "Can add partial", "content_type": 14, "codename": "add_partial"}}, {"model": "auth.permission", "pk": 54, "fields": {"name": "Can change partial", "content_type": 14, "codename": "change_partial"}}, {"model": "auth.permission", "pk": 55, "fields": {"name": "Can delete partial", "content_type": 14, "codename": "delete_partial"}}, {"model": "auth.permission", "pk": 56, "fields": {"name": "Can view partial", "content_type": 14, "codename": "view_partial"}}, {"model": "auth.permission", "pk": 57, "fields": {"name": "Can add favorite", "content_type": 15, "codename": "add_favorite"}}, {"model": "auth.permission", "pk": 58, "fields": {"name": "Can change favorite", "content_type": 15, "codename": "change_favorite"}}, {"model": "auth.permission", "pk": 59, "fields": {"name": "Can delete favorite", "content_type": 15, "codename": "delete_favorite"}}, {"model": "auth.permission", "pk": 60, "fields": {"name": "Can view favorite", "content_type": 15, "codename": "view_favorite"}}, {"model": "auth.permission", "pk": 61, "fields": {"name": "Can add site", "content_type": 16, "codename": "add_site"}}, {"model": "auth.permission", "pk": 62, "fields": {"name": "Can change site", "content_type": 16, "codename": "change_site"}}, {"model": "auth.permission", "pk": 63, "fields": {"name": "Can delete site", "content_type": 16, "codename": "delete_site"}}, {"model": "auth.permission", "pk": 64, "fields": {"name": "Can view site", "content_type": 16, "codename": "view_site"}}, {"model": "auth.permission", "pk": 65, "fields": {"name": "Can add flat page", "content_type": 17, "codename": "add_flatpage"}}, {"model": "auth.permission", "pk": 66, "fields": {"name": "Can change flat page", "content_type": 17, "codename": "change_flatpage"}}, {"model": "auth.permission", "pk": 67, "fields": {"name": "Can delete flat page", "content_type": 17, "codename": "delete_flatpage"}}, {"model": "auth.permission", "pk": 68, "fields": {"name": "Can view flat page", "content_type": 17, "codename": "view_flatpage"}}, {"model": "auth.permission", "pk": 69, "fields": {"name": "Can add tag", "content_type": 18, "codename": "add_tag"}}, {"model": "auth.permission", "pk": 70, "fields": {"name": "Can change tag", "content_type": 18, "codename": "change_tag"}}, {"model": "auth.permission", "pk": 71, "fields": {"name": "Can delete tag", "content_type": 18, "codename": "delete_tag"}}, {"model": "auth.permission", "pk": 72, "fields": {"name": "Can view tag", "content_type": 18, "codename": "view_tag"}}, {"model": "auth.permission", "pk": 73, "fields": {"name": "Can add blacklisted token", "content_type": 19, "codename": "add_blacklistedtoken"}}, {"model": "auth.permission", "pk": 74, "fields": {"name": "Can change blacklisted token", "content_type": 19, "codename": "change_blacklistedtoken"}}, {"model": "auth.permission", "pk": 75, "fields": {"name": "Can delete blacklisted token", "content_type": 19, "codename": "delete_blacklistedtoken"}}, {"model": "auth.permission", "pk": 76, "fields": {"name": "Can view blacklisted token", "content_type": 19, "codename": "view_blacklistedtoken"}}, {"model": "auth.permission", "pk": 77, "fields": {"name": "Can add outstanding token", "content_type": 20, "codename": "add_outstandingtoken"}}, {"model": "auth.permission", "pk": 78, "fields": {"name": "Can change outstanding token", "content_type": 20, "codename": "change_outstandingtoken"}}, {"model": "auth.permission", "pk": 79, "fields": {"name": "Can delete outstanding token", "content_type": 20, "codename": "delete_outstandingtoken"}}, {"model": "auth.permission", "pk": 80, "fields": {"name": "Can view outstanding token", "content_type": 20, "codename": "view_outstandingtoken"}}, {"model": "auth.permission", "pk": 81, "fields": {"name": "Can add application", "content_type": 21, "codename": "add_application"}}, {"model": "auth.permission", "pk": 82, "fields": {"name": "Can change application", "content_type": 21, "codename": "change_application"}}, {"model": "auth.permission", "pk": 83, "fields": {"name": "Can delete application", "content_type": 21, "codename": "delete_application"}}, {"model": "auth.permission", "pk": 84, "fields": {"name": "Can view application", "content_type": 21, "codename": "view_application"}}, {"model": "auth.permission", "pk": 85, "fields": {"name": "Can add access token", "content_type": 22, "codename": "add_accesstoken"}}, {"model": "auth.permission", "pk": 86, "fields": {"name": "Can change access token", "content_type": 22, "codename": "change_accesstoken"}}, {"model": "auth.permission", "pk": 87, "fields": {"name": "Can delete access token", "content_type": 22, "codename": "delete_accesstoken"}}, {"model": "auth.permission", "pk": 88, "fields": {"name": "Can view access token", "content_type": 22, "codename": "view_accesstoken"}}, {"model": "auth.permission", "pk": 89, "fields": {"name": "Can add grant", "content_type": 23, "codename": "add_grant"}}, {"model": "auth.permission", "pk": 90, "fields": {"name": "Can change grant", "content_type": 23, "codename": "change_grant"}}, {"model": "auth.permission", "pk": 91, "fields": {"name": "Can delete grant", "content_type": 23, "codename": "delete_grant"}}, {"model": "auth.permission", "pk": 92, "fields": {"name": "Can view grant", "content_type": 23, "codename": "view_grant"}}, {"model": "auth.permission", "pk": 93, "fields": {"name": "Can add refresh token", "content_type": 24, "codename": "add_refreshtoken"}}, {"model": "auth.permission", "pk": 94, "fields": {"name": "Can change refresh token", "content_type": 24, "codename": "change_refreshtoken"}}, {"model": "auth.permission", "pk": 95, "fields": {"name": "Can delete refresh token", "content_type": 24, "codename": "delete_refreshtoken"}}, {"model": "auth.permission", "pk": 96, "fields": {"name": "Can view refresh token", "content_type": 24, "codename": "view_refreshtoken"}}, {"model": "auth.permission", "pk": 97, "fields": {"name": "Can add token", "content_type": 25, "codename": "add_tokenproxy"}}, {"model": "auth.permission", "pk": 98, "fields": {"name": "Can change token", "content_type": 25, "codename": "change_tokenproxy"}}, {"model": "auth.permission", "pk": 99, "fields": {"name": "Can delete token", "content_type": 25, "codename": "delete_tokenproxy"}}, {"model": "auth.permission", "pk": 100, "fields": {"name": "Can view token", "content_type": 25, "codename": "view_tokenproxy"}}, {"model": "auth.permission", "pk": 101, "fields": {"name": "Can add resume cv", "content_type": 26, "codename": "add_resumecv"}}, {"model": "auth.permission", "pk": 102, "fields": {"name": "Can change resume cv", "content_type": 26, "codename": "change_resumecv"}}, {"model": "auth.permission", "pk": 103, "fields": {"name": "Can delete resume cv", "content_type": 26, "codename": "delete_resumecv"}}, {"model": "auth.permission", "pk": 104, "fields": {"name": "Can view resume cv", "content_type": 26, "codename": "view_resumecv"}}, {"model": "auth.permission", "pk": 105, "fields": {"name": "Can add resume cv category", "content_type": 27, "codename": "add_resumecvcategory"}}, {"model": "auth.permission", "pk": 106, "fields": {"name": "Can change resume cv category", "content_type": 27, "codename": "change_resumecvcategory"}}, {"model": "auth.permission", "pk": 107, "fields": {"name": "Can delete resume cv category", "content_type": 27, "codename": "delete_resumecvcategory"}}, {"model": "auth.permission", "pk": 108, "fields": {"name": "Can view resume cv category", "content_type": 27, "codename": "view_resumecvcategory"}}, {"model": "auth.permission", "pk": 109, "fields": {"name": "Can add resume cv template", "content_type": 28, "codename": "add_resumecvtemplate"}}, {"model": "auth.permission", "pk": 110, "fields": {"name": "Can change resume cv template", "content_type": 28, "codename": "change_resumecvtemplate"}}, {"model": "auth.permission", "pk": 111, "fields": {"name": "Can delete resume cv template", "content_type": 28, "codename": "delete_resumecvtemplate"}}, {"model": "auth.permission", "pk": 112, "fields": {"name": "Can view resume cv template", "content_type": 28, "codename": "view_resumecvtemplate"}}, {"model": "contenttypes.contenttype", "pk": 1, "fields": {"app_label": "admin", "model": "logentry"}}, {"model": "contenttypes.contenttype", "pk": 2, "fields": {"app_label": "auth", "model": "permission"}}, {"model": "contenttypes.contenttype", "pk": 3, "fields": {"app_label": "auth", "model": "group"}}, {"model": "contenttypes.contenttype", "pk": 4, "fields": {"app_label": "contenttypes", "model": "contenttype"}}, {"model": "contenttypes.contenttype", "pk": 5, "fields": {"app_label": "sessions", "model": "session"}}, {"model": "contenttypes.contenttype", "pk": 6, "fields": {"app_label": "jobsapp", "model": "job"}}, {"model": "contenttypes.contenttype", "pk": 7, "fields": {"app_label": "accounts", "model": "user"}}, {"model": "contenttypes.contenttype", "pk": 8, "fields": {"app_label": "jobsapp", "model": "applicant"}}, {"model": "contenttypes.contenttype", "pk": 9, "fields": {"app_label": "authtoken", "model": "token"}}, {"model": "contenttypes.contenttype", "pk": 10, "fields": {"app_label": "social_django", "model": "association"}}, {"model": "contenttypes.contenttype", "pk": 11, "fields": {"app_label": "social_django", "model": "code"}}, {"model": "contenttypes.contenttype", "pk": 12, "fields": {"app_label": "social_django", "model": "nonce"}}, {"model": "contenttypes.contenttype", "pk": 13, "fields": {"app_label": "social_django", "model": "usersocialauth"}}, {"model": "contenttypes.contenttype", "pk": 14, "fields": {"app_label": "social_django", "model": "partial"}}, {"model": "contenttypes.contenttype", "pk": 15, "fields": {"app_label": "jobsapp", "model": "favorite"}}, {"model": "contenttypes.contenttype", "pk": 16, "fields": {"app_label": "sites", "model": "site"}}, {"model": "contenttypes.contenttype", "pk": 17, "fields": {"app_label": "flatpages", "model": "flatpage"}}, {"model": "contenttypes.contenttype", "pk": 18, "fields": {"app_label": "tags", "model": "tag"}}, {"model": "contenttypes.contenttype", "pk": 19, "fields": {"app_label": "token_blacklist", "model": "blacklistedtoken"}}, {"model": "contenttypes.contenttype", "pk": 20, "fields": {"app_label": "token_blacklist", "model": "outstandingtoken"}}, {"model": "contenttypes.contenttype", "pk": 21, "fields": {"app_label": "oauth2_provider", "model": "application"}}, {"model": "contenttypes.contenttype", "pk": 22, "fields": {"app_label": "oauth2_provider", "model": "accesstoken"}}, {"model": "contenttypes.contenttype", "pk": 23, "fields": {"app_label": "oauth2_provider", "model": "grant"}}, {"model": "contenttypes.contenttype", "pk": 24, "fields": {"app_label": "oauth2_provider", "model": "refreshtoken"}}, {"model": "contenttypes.contenttype", "pk": 25, "fields": {"app_label": "authtoken", "model": "tokenproxy"}}, {"model": "contenttypes.contenttype", "pk": 26, "fields": {"app_label": "resume_cv", "model": "resumecv"}}, {"model": "contenttypes.contenttype", "pk": 27, "fields": {"app_label": "resume_cv", "model": "resumecvcategory"}}, {"model": "contenttypes.contenttype", "pk": 28, "fields": {"app_label": "resume_cv", "model": "resumecvtemplate"}}, {"model": "sessions.session", "pk": "2b7r334o1z400erzxc6mzktr0ev39zrn", "fields": {"session_data": "eyJsaW5rZWRpbi1vYXV0aDJfc3RhdGUiOiI2S1RtQUp6VzFjOHVHS3NGUk5MWGJFTzR1c1hsTjZNUCJ9:1o90XJ:b2mfegcDwbBEs8HpX8WiymY-ROxTlM2vfH9wQIFQ9qk", "expire_date": "2022-07-20T08:37:29.410Z"}}, {"model": "sessions.session", "pk": "2oyugicggcqesxgj6qs3ptyxyn2djin3", "fields": {"session_data": "eyJnb29nbGUtb2F1dGgyX3N0YXRlIjoieENnWUhUSVRMaXpyQjdWQnVDZmRBbHpmZURTb2pDaDEifQ:1oKcil:BSb3adI4b6qRqxFEzJNE8htexnh-JiYqX2S7ucS-lxk", "expire_date": "2022-08-21T09:37:19.840Z"}}, {"model": "sessions.session", "pk": "4zbllumva06dahgn8ywlm5cmchr26655", "fields": {"session_data": "OTA3M2ZhYTVhZWYzYmYxZjRlYjU3YjhkNTM4MmM0YmQ1MDY0NmZlNzp7Il9hdXRoX3VzZXJfaWQiOiIxNCIsIl9hdXRoX3VzZXJfYmFja2VuZCI6InNvY2lhbF9jb3JlLmJhY2tlbmRzLmdvb2dsZS5Hb29nbGVPQXV0aDIiLCJfYXV0aF91c2VyX2hhc2giOiI5MTAwYjIxOTBkZmNlMTAyMjk1NTc4YjNlZGEzNTA5YWM3MTdiNzIzIn0=", "expire_date": "2021-01-24T14:59:51.306Z"}}, {"model": "sessions.session", "pk": "5m4knvpdtbpai7v0v77fx7apby49q33h", "fields": {"session_data": ".eJxVjDsOwjAQBe_iGln-rH-U9JzB2qxtHEC2FCcV4u4QKQW0b2bei0Xc1hq3kZc4J3ZmCtjpd5yQHrntJN2x3Tqn3tZlnviu8IMOfu0pPy-H-3dQcdRvLaQl0uAIdS5BCe1NEUl6g94rIyFoCcUagIy2WCGKBu9skA5BFfTE3h_g3Dbt:1nmt9N:HmVaN3MX3yyVK9LQgWHfmIB4qPk_5lrBTRxdGnlbA9E", "expire_date": "2022-05-20T08:17:21.660Z"}}, {"model": "sessions.session", "pk": "5qa3dztfai3qjpw1yrpk7wi16bhx1s5s", "fields": {"session_data": ".eJxVjEEOwiAQRe_C2hCYAqUu3XsGMjCMVA0kpV0Z765NutDtf-_9lwi4rSVsPS9hJnEW4MXpd4yYHrnuhO5Yb02mVtdljnJX5EG7vDbKz8vh_h0U7OVba8tImKMZBx7YWjUZBm-VcpoAnQLHforZDDwapdgDE1rSwA4wm0Ti_QEIUDgw:1oRVsX:LexVNWoiVo-pteUOAf_iuFC3l9xNgYdRvSEqjcJn2jo", "expire_date": "2022-09-09T09:43:53.616Z"}}, {"model": "sessions.session", "pk": "7gfnfs0c85r4qsb2ubxs34mt0wexm7n8", "fields": {"session_data": "eyJnb29nbGUtb2F1dGgyX3N0YXRlIjoiMEVUZjluZUwwV1IxUVJwVzhTYVpkYWVEbXhMdXp6b2sifQ:1o9JCt:bN1bSp5t4Fao1ruzSCF-srShAM5Lmbd_n_7vinR-gx0", "expire_date": "2022-07-21T04:33:39.639Z"}}, {"model": "sessions.session", "pk": "7wwlgc9jndlglpms21d382c8jfxe154l", "fields": {"session_data": "YzhmMjZlN2RkN2E4M2I2YzlkNTNkNDFlMzMyMGQ5ZGU5MzkzZTdmZDp7Il9hdXRoX3VzZXJfaWQiOiIxNSIsIl9hdXRoX3VzZXJfYmFja2VuZCI6InNvY2lhbF9jb3JlLmJhY2tlbmRzLmdvb2dsZS5Hb29nbGVPQXV0aDIiLCJfYXV0aF91c2VyX2hhc2giOiI1ZmM5OWE2NzIzZGUzODc3ZmZkYTA5Y2NmYjNjOWNkNGMwZmMzZTMyIn0=", "expire_date": "2021-01-24T15:17:31.075Z"}}, {"model": "sessions.session", "pk": "9a0edz65la1us8s7bi4b3n6vfegs7cft", "fields": {"session_data": ".eJxVjDsOwjAQRO_iGllk499S0nMGa9cfHEC2FCcV4u4kUgqoRpr3Zt7C07oUv_Y0-ymKiwAQp9-SKTxT3Ul8UL03GVpd5onlrsiDdnlrMb2uh_t3UKiXbU0wOqt5RAVAOhtLamBEhS4xU0SVtNlyxMGyVZYDRYNsyNEZM7gsPl_-cDhM:1nJGbx:IdDtt6SP7gtah8mozzg29Tdm4fTnUkDCjcumDVgQ3MU", "expire_date": "2022-02-27T15:16:25.201Z"}}, {"model": "sessions.session", "pk": "9wfuj9hfff2w6kzhdisyv3sfrw87j3uk", "fields": {"session_data": ".eJxVjDsOwjAQBe_iGln-rH-U9JzB2qxtHEC2FCcV4u4QKQW0b2bei0Xc1hq3kZc4J3ZmCtjpd5yQHrntJN2x3Tqn3tZlnviu8IMOfu0pPy-H-3dQcdRvLaQl0uAIdS5BCe1NEUl6g94rIyFoCcUagIy2WCGKBu9skA5BFfTE3h_g3Dbt:1nkWkG:kpMJUTZ73UBVcdQlU9vTO9rOrPBMCa-iIQWkTItAuDE", "expire_date": "2022-05-13T19:57:40.829Z"}}, {"model": "sessions.session", "pk": "adi36xiv4mtgss7cdt5v1b5dwjclmgy0", "fields": {"session_data": "eyJmYWNlYm9va19zdGF0ZSI6Ikd3S09yZG5XZkk2eXFBRWFsaEtsOUtybUM4WVJJY0puIn0:1o90XJ:nNBnQVeYJEJ2MX0wdkh2sIgNKY8kX0Qbr6aW5rSNBIU", "expire_date": "2022-07-20T08:37:29.389Z"}}, {"model": "sessions.session", "pk": "be761caq9wrd6b75s82eutx38edctbma", "fields": {"session_data": ".eJxVjDsOwjAQBe_iGlmOf1lT0nMGa71e4wBypDipEHeHSCmgfTPzXiLitta4dV7ilMVZaCNOv2NCenDbSb5ju82S5rYuU5K7Ig_a5XXO_Lwc7t9BxV6_NXunLYAyxqtQbHBJA4fEwdoCxpHXqKhksjAmHjg7xjIGIG_9gLmgeH8A8Pg4VQ:1nllzh:crDMNHesAT2e0WX8CIHpdA1Scp840dMzIhPZ3KngLI0", "expire_date": "2022-05-17T06:26:45.878Z"}}, {"model": "sessions.session", "pk": "c64jq7lkwal5j2d63goi7eo9dnuzos7c", "fields": {"session_data": "NjMwM2IyYjcwMjQyNGY0NmE5NjBmYWZjYzBmNTM5YTcxNjgxMTQ2ODp7Il9hdXRoX3VzZXJfaWQiOiIxNiIsIl9hdXRoX3VzZXJfYmFja2VuZCI6ImRqYW5nby5jb250cmliLmF1dGguYmFja2VuZHMuTW9kZWxCYWNrZW5kIiwiX2F1dGhfdXNlcl9oYXNoIjoiM2E5YTliYzhmNTU5ZmFlOGMxOTY3OWRhYjBjZjczMTMyNmJjM2Q4NiJ9", "expire_date": "2021-04-18T06:17:45.546Z"}}, {"model": "sessions.session", "pk": "ctgoftmhqkqr78lprxx1wpb97o4nnzo5", "fields": {"session_data": "eyJsaW5rZWRpbi1vYXV0aDJfc3RhdGUiOiJmQm1SZEZxWDhSU05XejVpRzVVUnBTM05sZTh5Q3R3NSJ9:1oKcil:5WItwvi4Kpv8b0Dy8BqJoDu2dCbEBOm7q1ux6UvU-us", "expire_date": "2022-08-21T09:37:19.869Z"}}, {"model": "sessions.session", "pk": "d2mhcl41olma8kmtu2ekliige0mcmevx", "fields": {"session_data": "eyJnb29nbGUtb2F1dGgyX3N0YXRlIjoiVnFmTklBbzlrRWdPNDJwZnp1V2FTQ1NlazdoRkYwekUifQ:1o90XJ:AUVMwLbAslVCKPT7b7PXHid36UafkAvPKg6SyHWOWV0", "expire_date": "2022-07-20T08:37:29.390Z"}}, {"model": "sessions.session", "pk": "e7zrj3pj0peyg93sdq4szfe5wsgfxlk7", "fields": {"session_data": "eyJsaW5rZWRpbi1vYXV0aDJfc3RhdGUiOiI5MWphY2VmUHUxS1FJbGpCcUtNalY1a2ZrOXFpc1k0YSJ9:1o9JCt:lCP9iOHqUPRT8lidMvW_qtjZsbu20Ne-u93U0STLIHk", "expire_date": "2022-07-21T04:33:39.663Z"}}, {"model": "sessions.session", "pk": "fzttj7ntab52evysajhkoapootj5b96m", "fields": {"session_data": ".eJxVjEEOwiAQRe_C2hBhYACX7nsGwsBUqoYmpV0Z765NutDtf-_9l4hpW2vcOi9xKuIiQJx-N0r5wW0H5Z7abZZ5busykdwVedAuh7nw83q4fwc19fqtyWgwkEiBs4AOSbNizJ6QQ_ZsiK3WIzKHMIJFgGzU2ZDy5JGdS-L9AdPIN4E:1ngoRZ:-OMI1vVYabVq5DlUgIGunOEGpU9XPeziQ8KyOY1gd5A", "expire_date": "2022-05-03T14:03:01.273Z"}}, {"model": "sessions.session", "pk": "ge90mgp57zls6mwfj0z1zadps3l694k2", "fields": {"session_data": "eyJnaXRodWJfc3RhdGUiOiJkOUdpYnR1Tk8wbU9VeDh1bGg0dkJ4ZUU2dG4wcHZKbCJ9:1o9JCt:KbyS5yNnzwEQ6C-AakQYWfy0wYfVA1d_rYgSHPy01O0", "expire_date": "2022-07-21T04:33:39.573Z"}}, {"model": "sessions.session", "pk": "gih6exelf7vf4ibr1v24iyi3z1szua66", "fields": {"session_data": ".eJxVjEsOAiEQBe_C2hBEvi7dewbS3TQyaiCZz8p4dyWZhW5fVb2XSLCtNW0Lz2nK4iy0FYffEYEe3AbJd2i3Lqm3dZ5QDkXudJHXnvl52d2_gwpLHXVwJ8CjteRcREQfQzCBSDulFRVDGTQjBeVtjGh8YTaaCIxyX6NE8f4AED04Qg:1nkVzP:XrPDuY5YQ5heuBZXhnY3ZTAgzyYN_uSyOPAV4Xx5Ozc", "expire_date": "2022-05-13T19:09:15.877Z"}}, {"model": "sessions.session", "pk": "m2gu2ypcdzgpgk8xcl3w6xkar7g60zn6", "fields": {"session_data": "NmQxNWEzMGNjYmM4YmYzYmZiNWEwOWEzNmYyMjg3YjYxY2UxNTk2Zjp7fQ==", "expire_date": "2021-01-24T15:15:46.737Z"}}, {"model": "sessions.session", "pk": "mvdilprfi7g65gvfxm1rzaqmb5ms984a", "fields": {"session_data": ".eJxVjDsOwjAQBe_iGllhsyZrSnrOEO0vJIAcKZ8KcXeIlALaNzPvFVpel75dZ5_awcI5QBMOv6OwPrxsxO5cbmPUsSzTIHFT4k7neB3Nn5fd_Tvoee6_NTkJNllEasDUZBYHQKydkYyQWCV1R3OtndRFK-2qU9bUJUoVgIX3ByE-ONA:1oRVre:GmAn1dHGoUKMWkGEllgw4OcKSEUMYfoceFZhBZJXtQo", "expire_date": "2022-09-09T09:42:58.401Z"}}, {"model": "sessions.session", "pk": "nhick6biyof47qrx0h51ol9atlto01fb", "fields": {"session_data": "eyJnaXRodWJfc3RhdGUiOiJoR3FUYThxWXpNcUVIRmQ4TFBHM0NOVDhjOWxTdlRxQiJ9:1o90XJ:1YFeljOKygJw4veBI4jEIb1wdFhNpqjh3UMs06Dbk_Y", "expire_date": "2022-07-20T08:37:29.474Z"}}, {"model": "sessions.session", "pk": "pcvifqmyl1k78xn9wn6b3gqafho3mpnq", "fields": {"session_data": "OTA3M2ZhYTVhZWYzYmYxZjRlYjU3YjhkNTM4MmM0YmQ1MDY0NmZlNzp7Il9hdXRoX3VzZXJfaWQiOiIxNCIsIl9hdXRoX3VzZXJfYmFja2VuZCI6InNvY2lhbF9jb3JlLmJhY2tlbmRzLmdvb2dsZS5Hb29nbGVPQXV0aDIiLCJfYXV0aF91c2VyX2hhc2giOiI5MTAwYjIxOTBkZmNlMTAyMjk1NTc4YjNlZGEzNTA5YWM3MTdiNzIzIn0=", "expire_date": "2021-01-24T15:16:26.154Z"}}, {"model": "sessions.session", "pk": "sta5n61iqpbxtidlstwewbv3crt3nbiy", "fields": {"session_data": "NmQxNWEzMGNjYmM4YmYzYmZiNWEwOWEzNmYyMjg3YjYxY2UxNTk2Zjp7fQ==", "expire_date": "2021-01-24T15:11:59.069Z"}}, {"model": "sessions.session", "pk": "tgjaculnvfclmqtnifsveuse52vbj8mu", "fields": {"session_data": "eyJmYWNlYm9va19zdGF0ZSI6ImpYb21jWHpEeE9SOGNNTm90WWhoaE9MQmRwUTZkc1NVIn0:1o9JCt:B_x-T79kA2u178YUXH_GODarGYU4szF_BQ-IWyeazYk", "expire_date": "2022-07-21T04:33:39.588Z"}}, {"model": "sessions.session", "pk": "tzdb6x6dhkz8cy3k7tfkq6r7lbrnoabt", "fields": {"session_data": "OTA3M2ZhYTVhZWYzYmYxZjRlYjU3YjhkNTM4MmM0YmQ1MDY0NmZlNzp7Il9hdXRoX3VzZXJfaWQiOiIxNCIsIl9hdXRoX3VzZXJfYmFja2VuZCI6InNvY2lhbF9jb3JlLmJhY2tlbmRzLmdvb2dsZS5Hb29nbGVPQXV0aDIiLCJfYXV0aF91c2VyX2hhc2giOiI5MTAwYjIxOTBkZmNlMTAyMjk1NTc4YjNlZGEzNTA5YWM3MTdiNzIzIn0=", "expire_date": "2021-01-24T15:27:35.693Z"}}, {"model": "sessions.session", "pk": "ungu6xcc468bxhjcl30l950vdoixi60a", "fields": {"session_data": ".eJxVjEEOwiAQRe_C2hBKi8O4dO8ZyDBDpWogKe3KeHfbpAvd_vfef6tA65LD2tIcJlEX1Xl1-h0j8TOVnciDyr1qrmWZp6h3RR-06VuV9Loe7t9Bppa32glFADERkDz3FqnHXthalwQhGbHdQG7c4GCIIzgARiT0I4M7Q1KfLxhfOFg:1naE1e:7end7gT8AzOAHP58HmyE8Gcr2eTtTxRW7hPjKV6T_rk", "expire_date": "2022-04-15T09:57:02.705Z"}}, {"model": "sessions.session", "pk": "vxyzaenbqa1qqbuz5cv2z664hw3qv9jn", "fields": {"session_data": "eyJmYWNlYm9va19zdGF0ZSI6Ik5kNjZxZzhJQWxSSDFPeXpOeUpZdjA5Z3FNZnpHMWR2In0:1oKcil:BcY0JdKOvWCM2bZCjbwJwE_lAsFlxNCC09QBKKtgbLU", "expire_date": "2022-08-21T09:37:19.872Z"}}, {"model": "sessions.session", "pk": "w1o2bfxkwrbg8j1djj790qkbylletlm3", "fields": {"session_data": "eyJnaXRodWJfc3RhdGUiOiI3cWVPbk5KZ1BVQnRzbWE4WnNzSFlKeWxxRXZuNHRFcCJ9:1oKcil:syf3M_ATSgiPZE-_8jM24qbeb9prl6uKVal-R08xM4I", "expire_date": "2022-08-21T09:37:19.926Z"}}, {"model": "sites.site", "pk": 1, "fields": {"domain": "jobs.manjurulhoque.com", "name": "jobs.manjurulhoque.com"}}, {"model": "flatpages.flatpage", "pk": 1, "fields": {"url": "/en/about-us/", "title": "About us", "content": "this is about us page", "enable_comments": false, "template_name": "", "registration_required": false, "sites": [1]}}, {"model": "flatpages.flatpage", "pk": 2, "fields": {"url": "/bn/about-us/", "title": "About us", "content": "আমাদের সম্পর্কে", "enable_comments": false, "template_name": "", "registration_required": false, "sites": [1]}}, {"model": "token_blacklist.outstandingtoken", "pk": 1, "fields": {"user": null, "jti": "fa8b1fba00c44814b27857cc9d20e885", "token": "eyJ0eXAiOiJKV1QiLCJhbGciOiJIUzI1NiJ9.eyJ0b2tlbl90eXBlIjoicmVmcmVzaCIsImV4cCI6MTYwNzI2NTk3NSwianRpIjoiZmE4YjFmYmEwMGM0NDgxNGIyNzg1N2NjOWQyMGU4ODUiLCJ1c2VyX2lkIjozLCJ1c2VyIjp7ImlkIjozLCJmaXJzdF9uYW1lIjoiTWFuenVydWwyIiwibGFzdF9uYW1lIjoiSG9xdWUiLCJkYXRlX2pvaW5lZCI6IjIwMTktMDQtMDZUMTc6MTM6MjUuNDk0NDM3WiIsInJvbGUiOiJlbXBsb3llZSIsImdlbmRlciI6Im1hbGUiLCJlbWFpbCI6InJ1bWlAZ21haWwuY29tIn19.W8aC0eL_dXoJQj66o4HCtLhEtyVQs1tbmzaEilXeTWU", "created_at": null, "expires_at": "2020-12-06T14:46:15Z"}}, {"model": "token_blacklist.outstandingtoken", "pk": 2, "fields": {"user": 3, "jti": "bbaeca3ec7e34f06b86df042b88ed4d4", "token": "eyJ0eXAiOiJKV1QiLCJhbGciOiJIUzI1NiJ9.eyJ0b2tlbl90eXBlIjoicmVmcmVzaCIsImV4cCI6MTYwNzI2NzI1NiwianRpIjoiYmJhZWNhM2VjN2UzNGYwNmI4NmRmMDQyYjg4ZWQ0ZDQiLCJ1c2VyX2lkIjozfQ.5DOQKG1roKTjf-5rzWBUfd8B2GkervwLrgXmG3gwVFE", "created_at": "2020-12-05T15:07:36.733Z", "expires_at": "2020-12-06T15:07:36Z"}}, {"model": "token_blacklist.outstandingtoken", "pk": 3, "fields": {"user": 3, "jti": "2e32e85e1e5a45808ed76d01997f9682", "token": "eyJ0eXAiOiJKV1QiLCJhbGciOiJIUzI1NiJ9.eyJ0b2tlbl90eXBlIjoicmVmcmVzaCIsImV4cCI6MTYwNzI2NzYzOSwianRpIjoiMmUzMmU4NWUxZTVhNDU4MDhlZDc2ZDAxOTk3Zjk2ODIiLCJ1c2VyX2lkIjozfQ.IprJPvO4vtly2D1C-5qkith5LST-gIgmnjU_RETe3eg", "created_at": "2020-12-05T15:13:59.076Z", "expires_at": "2020-12-06T15:13:59Z"}}, {"model": "token_blacklist.outstandingtoken", "pk": 4, "fields": {"user": 1, "jti": "677530a6d9ab4c83ac62dc4f724ba855", "token": "eyJ0eXAiOiJKV1QiLCJhbGciOiJIUzI1NiJ9.eyJ0b2tlbl90eXBlIjoicmVmcmVzaCIsImV4cCI6MTYwNzg0NjExMywianRpIjoiNjc3NTMwYTZkOWFiNGM4M2FjNjJkYzRmNzI0YmE4NTUiLCJ1c2VyX2lkIjoxfQ.wowtSoXCLWfzqdHyv-2sjK72zSY784Za6JidSifUn-s", "created_at": "2020-12-12T07:55:13.940Z", "expires_at": "2020-12-13T07:55:13Z"}}, {"model": "token_blacklist.outstandingtoken", "pk": 5, "fields": {"user": 1, "jti": "f04798a204d546fe923c40439a32bcd4", "token": "eyJ0eXAiOiJKV1QiLCJhbGciOiJIUzI1NiJ9.eyJ0b2tlbl90eXBlIjoicmVmcmVzaCIsImV4cCI6MTYwNzg0Njg1MSwianRpIjoiZjA0Nzk4YTIwNGQ1NDZmZTkyM2M0MDQzOWEzMmJjZDQiLCJ1c2VyX2lkIjoxfQ.GfafFk0p1buqsJd9uhfa20cJzNDb43KFhPqa78hOT0Y", "created_at": "2020-12-12T08:07:31.351Z", "expires_at": "2020-12-13T08:07:31Z"}}, {"model": "token_blacklist.outstandingtoken", "pk": 6, "fields": {"user": 3, "jti": "3c06da0b00594062a7e7387de0f04f3e", "token": "eyJ0eXAiOiJKV1QiLCJhbGciOiJIUzI1NiJ9.eyJ0b2tlbl90eXBlIjoicmVmcmVzaCIsImV4cCI6MTYwNzg1NzU2OCwianRpIjoiM2MwNmRhMGIwMDU5NDA2MmE3ZTczODdkZTBmMDRmM2UiLCJ1c2VyX2lkIjozfQ.h4prHSR-W1OA1YXewTAMOMHNGRB9T17mt5MKiif-UaY", "created_at": "2020-12-12T11:06:08.203Z", "expires_at": "2020-12-13T11:06:08Z"}}, {"model": "token_blacklist.outstandingtoken", "pk": 7, "fields": {"user": 1, "jti": "b8f3e53b8df04083807b31bcf5bff51b", "token": "eyJ0eXAiOiJKV1QiLCJhbGciOiJIUzI1NiJ9.eyJ0b2tlbl90eXBlIjoicmVmcmVzaCIsImV4cCI6MTYwNzg1NzU4MywianRpIjoiYjhmM2U1M2I4ZGYwNDA4MzgwN2IzMWJjZjViZmY1MWIiLCJ1c2VyX2lkIjoxfQ.yG8JbA8w0T-0yezmO65_E_vR3h6C3sdY54LRrVWKNno", "created_at": "2020-12-12T11:06:23.723Z", "expires_at": "2020-12-13T11:06:23Z"}}, {"model": "token_blacklist.outstandingtoken", "pk": 8, "fields": {"user": 1, "jti": "d701858032664bf3b185132e664a44d2", "token": "eyJ0eXAiOiJKV1QiLCJhbGciOiJIUzI1NiJ9.eyJ0b2tlbl90eXBlIjoicmVmcmVzaCIsImV4cCI6MTYwNzg2NTcwOSwianRpIjoiZDcwMTg1ODAzMjY2NGJmM2IxODUxMzJlNjY0YTQ0ZDIiLCJ1c2VyX2lkIjoxfQ.ik6D9zf6pfaKqxoG8JV3rXKDnSnkC3ZHLwKdA7Dt2UI", "created_at": "2020-12-12T13:21:49.493Z", "expires_at": "2020-12-13T13:21:49Z"}}, {"model": "token_blacklist.outstandingtoken", "pk": 9, "fields": {"user": 1, "jti": "f179d6652db84ff7a2b2b44dd33bfc4d", "token": "eyJ0eXAiOiJKV1QiLCJhbGciOiJIUzI1NiJ9.eyJ0b2tlbl90eXBlIjoicmVmcmVzaCIsImV4cCI6MTYwODMxMDU3NSwianRpIjoiZjE3OWQ2NjUyZGI4NGZmN2EyYjJiNDRkZDMzYmZjNGQiLCJ1c2VyX2lkIjoxfQ.Ri8b9xgzkTnR-UT7dntRF_j33Ft3Mz9ovARuOZeDuuI", "created_at": "2020-12-17T16:56:15.615Z", "expires_at": "2020-12-18T16:56:15Z"}}, {"model": "token_blacklist.outstandingtoken", "pk": 10, "fields": {"user": 1, "jti": "f40d3e177ced48e597527570875343d7", "token": "eyJ0eXAiOiJKV1QiLCJhbGciOiJIUzI1NiJ9.eyJ0b2tlbl90eXBlIjoicmVmcmVzaCIsImV4cCI6MTYwODM5NjYyMywianRpIjoiZjQwZDNlMTc3Y2VkNDhlNTk3NTI3NTcwODc1MzQzZDciLCJ1c2VyX2lkIjoxfQ.9n3UZm4e0hDHK3GWykGl_SuOpS17aOm7jSSq_C7D_KU", "created_at": "2020-12-18T16:50:23.326Z", "expires_at": "2020-12-19T16:50:23Z"}}, {"model": "token_blacklist.outstandingtoken", "pk": 11, "fields": {"user": 1, "jti": "5476ddd42b5742cebc571c330c0508a7", "token": "eyJ0eXAiOiJKV1QiLCJhbGciOiJIUzI1NiJ9.eyJ0b2tlbl90eXBlIjoicmVmcmVzaCIsImV4cCI6MTYwODU1NjYyNiwianRpIjoiNTQ3NmRkZDQyYjU3NDJjZWJjNTcxYzMzMGMwNTA4YTciLCJ1c2VyX2lkIjoxfQ.pyPOawbm6tgfKj0TM9zHhbdNcOoc5H75XEuKXTQVMUc", "created_at": "2020-12-20T13:17:06.381Z", "expires_at": "2020-12-21T13:17:06Z"}}, {"model": "token_blacklist.outstandingtoken", "pk": 12, "fields": {"user": 1, "jti": "9b56cb00050940b7b76f3731e1f4e242", "token": "eyJ0eXAiOiJKV1QiLCJhbGciOiJIUzI1NiJ9.eyJ0b2tlbl90eXBlIjoicmVmcmVzaCIsImV4cCI6MTYwODU2OTc4NCwianRpIjoiOWI1NmNiMDAwNTA5NDBiN2I3NmYzNzMxZTFmNGUyNDIiLCJ1c2VyX2lkIjoxfQ.CYMeN0crTB0GA3xMUGzmieFpWNhZ48MerXOiE-Usf98", "created_at": "2020-12-20T16:56:24.347Z", "expires_at": "2020-12-21T16:56:24Z"}}, {"model": "token_blacklist.outstandingtoken", "pk": 13, "fields": {"user": 1, "jti": "0334592559d2468f830c760a6279e341", "token": "eyJ0eXAiOiJKV1QiLCJhbGciOiJIUzI1NiJ9.eyJ0b2tlbl90eXBlIjoicmVmcmVzaCIsImV4cCI6MTYwOTAxMDE4NCwianRpIjoiMDMzNDU5MjU1OWQyNDY4ZjgzMGM3NjBhNjI3OWUzNDEiLCJ1c2VyX2lkIjoxfQ.KyIjo0ELxrR19VMuGLVG9xvQXVC4Kd9swN6m4NWx5vQ", "created_at": "2020-12-25T19:16:24.375Z", "expires_at": "2020-12-26T19:16:24Z"}}, {"model": "token_blacklist.outstandingtoken", "pk": 14, "fields": {"user": 1, "jti": "74e43098611f46a09eaee01dc8157792", "token": "eyJ0eXAiOiJKV1QiLCJhbGciOiJIUzI1NiJ9.eyJ0b2tlbl90eXBlIjoicmVmcmVzaCIsImV4cCI6MTYwOTAxMzU3NywianRpIjoiNzRlNDMwOTg2MTFmNDZhMDllYWVlMDFkYzgxNTc3OTIiLCJ1c2VyX2lkIjoxfQ.C94apWvkrdWrDIVZUTILcJBTw_AcwxHGVszcba4Cd74", "created_at": "2020-12-25T20:12:57.450Z", "expires_at": "2020-12-26T20:12:57Z"}}, {"model": "token_blacklist.outstandingtoken", "pk": 15, "fields": {"user": 14, "jti": "eaa0ac5256a947b9806868eff9cf5e6f", "token": "eyJ0eXAiOiJKV1QiLCJhbGciOiJIUzI1NiJ9.eyJ0b2tlbl90eXBlIjoicmVmcmVzaCIsImV4cCI6MTYxMDM3ODE0NiwianRpIjoiZWFhMGFjNTI1NmE5NDdiOTgwNjg2OGVmZjljZjVlNmYiLCJ1c2VyX2lkIjoxNH0.JAbaZFk90b1mGg-1WbCR7ssBOPJy98bWCdG1g7IH0co", "created_at": "2021-01-10T15:15:46.742Z", "expires_at": "2021-01-11T15:15:46Z"}}, {"model": "token_blacklist.outstandingtoken", "pk": 16, "fields": {"user": 14, "jti": "aa1af0e84523479b80d446aceac06f5b", "token": "eyJ0eXAiOiJKV1QiLCJhbGciOiJIUzI1NiJ9.eyJ0b2tlbl90eXBlIjoicmVmcmVzaCIsImV4cCI6MTYxMDM3ODE4NiwianRpIjoiYWExYWYwZTg0NTIzNDc5YjgwZDQ0NmFjZWFjMDZmNWIiLCJ1c2VyX2lkIjoxNH0.5yc-NGnOF0CmGiHKlbeHtP_yvlmUXXHytyNFt_9sBqw", "created_at": "2021-01-10T15:16:26.150Z", "expires_at": "2021-01-11T15:16:26Z"}}, {"model": "token_blacklist.outstandingtoken", "pk": 17, "fields": {"user": 15, "jti": "c28f60a3b49049f9829c457233770008", "token": "eyJ0eXAiOiJKV1QiLCJhbGciOiJIUzI1NiJ9.eyJ0b2tlbl90eXBlIjoicmVmcmVzaCIsImV4cCI6MTYxMDM3ODI1MSwianRpIjoiYzI4ZjYwYTNiNDkwNDlmOTgyOWM0NTcyMzM3NzAwMDgiLCJ1c2VyX2lkIjoxNX0.6J_uXsf83G24zTwM4nuC5dZ19fPbMGGODojIqoY7Ab8", "created_at": "2021-01-10T15:17:31.072Z", "expires_at": "2021-01-11T15:17:31Z"}}, {"model": "token_blacklist.outstandingtoken", "pk": 18, "fields": {"user": 14, "jti": "b99e69be93c44276b0c105cbf3a607cb", "token": "eyJ0eXAiOiJKV1QiLCJhbGciOiJIUzI1NiJ9.eyJ0b2tlbl90eXBlIjoicmVmcmVzaCIsImV4cCI6MTYxMDM3ODg1NSwianRpIjoiYjk5ZTY5YmU5M2M0NDI3NmIwYzEwNWNiZjNhNjA3Y2IiLCJ1c2VyX2lkIjoxNH0.KrVfPBSQkTyj7fi0UWC2duSVKxt1DsheefLxYQx8LAI", "created_at": "2021-01-10T15:27:35.689Z", "expires_at": "2021-01-11T15:27:35Z"}}, {"model": "token_blacklist.outstandingtoken", "pk": 19, "fields": {"user": 21, "jti": "62dc36b601e54d7a9dd19cd9d4a71551", "token": "eyJ0eXAiOiJKV1QiLCJhbGciOiJIUzI1NiJ9.eyJ0b2tlbl90eXBlIjoicmVmcmVzaCIsImV4cCI6MTY0NDgyMTkwMCwiaWF0IjoxNjQ0NzM1NTAwLCJqdGkiOiI2MmRjMzZiNjAxZTU0ZDdhOWRkMTljZDlkNGE3MTU1MSIsInVzZXJfaWQiOjIxfQ.1c0AlCwpdM7rNQXaW8bXnksd9r6ozLOrbV0ekRyQ33U", "created_at": "2022-02-13T06:58:20.761Z", "expires_at": "2022-02-14T06:58:20Z"}}, {"model": "token_blacklist.blacklistedtoken", "pk": 1, "fields": {"token": 1, "blacklisted_at": "2020-12-05T14:57:19.861Z"}}, {"model": "token_blacklist.blacklistedtoken", "pk": 2, "fields": {"token": 2, "blacklisted_at": "2020-12-05T15:08:05.050Z"}}, {"model": "token_blacklist.blacklistedtoken", "pk": 3, "fields": {"token": 3, "blacklisted_at": "2020-12-05T15:14:18.065Z"}}, {"model": "jobsapp.job", "pk": 11, "fields": {"user": 24, "title": "Machine Learning", "description": "Using Machine Learning at our codingnap website project and get the user details.", "location": "banglore", "type": "1", "category": "web-development", "last_date": "2022-05-07T00:00:00Z", "company_name": "CodingNap", "company_description": "Programming Blogs", "website": "https://www.codingnap.com/", "created_at": "2022-04-29T16:55:10.052Z", "filled": false, "salary": 50000, "tags": [3, 4]}}, {"model": "jobsapp.job", "pk": 12, "fields": {"user": 27, "title": "Backend Developer", "description": "Requires Django Developer for our ghaziabad center.", "location": "Ghaziabad, India", "type": "1", "category": "web-development", "last_date": "2022-09-08T00:00:00Z", "company_name": "CodingNap", "company_description": "It is a blogging Website", "website": "https://www.codingnap.com", "created_at": "2022-08-26T06:47:40.644Z", "filled": false, "salary": 50000, "tags": [4, 6]}}, {"model": "jobsapp.job", "pk": 13, "fields": {"user": 27, "title": "Backend Developer", "description": "Node.js developer required for KajalFRP Industry.", "location": "Ghaziabad, India", "type": "3", "category": "web-development", "last_date": "2022-09-09T00:00:00Z", "company_name": "KajalFRP", "company_description": "Chemical Industry", "website": "https://www.kajalfrp.com", "created_at": "2022-08-26T13:56:39.416Z", "filled": false, "salary": 50000, "tags": [11, 12]}}, {"model": "jobsapp.applicant", "pk": 9, "fields": {"user": 25, "job": 11, "created_at": "2022-04-29T19:58:12.216Z", "comment": "accpeted", "status": 2}}, {"model": "resume_cv.resumecvcategory", "pk": 1, "fields": {"name": "Resumes", "thumbnail": "", "color": "Black", "created_at": "2022-03-28T14:54:17.548Z", "updated_at": "2022-03-28T14:54:17.548Z"}}, {"model": "resume_cv.resumecvcategory", "pk": 2, "fields": {"name": "CV", "thumbnail": "", "color": "White", "created_at": "2022-03-28T14:54:27.411Z", "updated_at": "2022-03-28T14:54:27.411Z"}}, {"model": "resume_cv.resumecvtemplate", "pk": 1, "fields": {"category": 1, "name": "Resume 1", "thumbnail": "resumes/2022/03/28/1VGE2R2iED2J3VaE5s20KXcLWPXrr6.png", "content": "<div id=\"resumecv-layout\">\r\n  \r\n  <div id=\"resumecv-content-top\">\r\n    <div class=\"resumecv-block\">\r\n      <div>\r\n          <img id=\"resumecv-ava\" src=\"##image_url##resumecv-avatar.jpg\">\r\n      </div>\r\n    </div>\r\n      <div class=\"resumecv-block\">\r\n        <div>\r\n            <h1><span>Your full name</span></h1>\r\n            <hr class=\"hr_info\">\r\n            <h1 class=\"job_position\"><span>Job position</span></h1>\r\n        </div>\r\n      </div>\r\n    </div>\r\n  <div id=\"resumecv-main\">\r\n    \r\n  <div id=\"resumecv-content\">\r\n    \r\n    <div id=\"resumecv-content-main\">\r\n    \r\n    <div class=\"resumecv-block\">\r\n      <p class=\"head\">\r\n        <i class=\"fa fa-dot-circle-o\" aria-hidden=\"true\"></i>\r\n        <span>Target</span>\r\n      </p>\r\n      <div>\r\n        <div class=\"resumecv-box-content\">\r\n          <div class=\"exp-content\">Lorem Ipsum is simply dummy text of the printing and typesetting industry. Lorem Ipsum has been the industry's standard dummy.Lorem Ipsum is simply dummy text of the printing and typesetting industry.\r\n          </div>\r\n        </div>\r\n      </div>\r\n    </div>\r\n    <div class=\"resumecv-block\">\r\n      \r\n      <p class=\"head\">\r\n        <i class=\"fa fa-graduation-cap\" aria-hidden=\"true\"></i>\r\n        <span >Education</span>\r\n      </p>\r\n      <div>\r\n  \r\n        <div class=\"resumecv-box-content\">\r\n          \r\n          <h3>\r\n            <span>School's name</span>\r\n            <span class=\"exp-date\"><em >07/2015</em> - <em >03/2022</em></span>\r\n          </h3>\r\n          <p class=\"h3\">\r\n            <span >Major</span>\r\n          </p>\r\n          <div class=\"exp-content\">Lorem Ipsum is simply dummy text of the printing and typesetting industry. Lorem Ipsum has been the industry's standard dummy.Lorem Ipsum is simply dummy text of the printing and typesetting industry.\r\n\r\n          </div>\r\n        </div>\r\n      </div>\r\n    </div>\r\n    <div class=\"resumecv-block\">\r\n      \r\n      <p class=\"head\">\r\n        <i class=\"fa fa-briefcase\" aria-hidden=\"true\"></i>\r\n        <span>Expericence</span>\r\n      </p>\r\n      <div>\r\n  \r\n        <div class=\"resumecv-box-content\">\r\n          \r\n          <h3>\r\n            <span>Company's name</span>\r\n            <span class=\"exp-date\"><em>04/2022</em> - <em >Now</em></span>\r\n          </h3>\r\n          <p class=\"h3\">\r\n            <span>Position</span>\r\n          </p>\r\n          <div class=\"exp-content\">Lorem Ipsum is simply dummy text of the printing and typesetting industry. Lorem Ipsum has been the industry's standard dummy.Lorem Ipsum is simply dummy text of the printing and typesetting industry.\r\n          </div>\r\n        </div>\r\n      </div>\r\n    </div>\r\n    <div class=\"resumecv-block\">\r\n      \r\n      <p class=\"head\">\r\n        <i class=\"fa fa-user\" aria-hidden=\"true\"></i>\r\n        <span>Activities</span>\r\n      </p>\r\n      <div>\r\n  \r\n        <div class=\"resumecv-box-content\">\r\n          <h3>\r\n            <span >Organization's name</span>\r\n            <span class=\"exp-date\"><em >01/2019</em> - <em>03/2022</em></span>\r\n          </h3>\r\n          <p class=\"h3\">\r\n            <span>Position</span>\r\n          </p>\r\n          <div class=\"exp-content\">Lorem Ipsum is simply dummy text of the printing and typesetting industry. Lorem Ipsum has been the industry's standard dummy.Lorem Ipsum is simply dummy text of the printing and typesetting industry.\r\n          </div>\r\n        </div>\r\n      </div>\r\n    </div>\r\n    <div class=\"resumecv-block\">\r\n        <p class=\"head\">\r\n            <i class=\"fa fa-trophy\" aria-hidden=\"true\"></i>\r\n          <span>AWARD</span>\r\n        </p>\r\n        <div>\r\n          <div class=\"resumecv-box-content\">\r\n            <h3>\r\n              <span >Award's name</span>\r\n              <span class=\"exp-date\"><em >01/2019</em></span>\r\n            </h3>\r\n          </div>\r\n        </div>\r\n      </div>\r\n      <div class=\"resumecv-block\">\r\n          <p class=\"head\">\r\n              <i class=\"fa fa-cogs\" aria-hidden=\"true\"></i>\r\n            <span>SKILL</span>\r\n          </p>\r\n          <div>\r\n            <div class=\"resumecv-box-content\">\r\n              <h3>\r\n                <span >Skill's name</span>\r\n              </h3>\r\n              <div class=\"exp-content\">Lorem ipsum dolor sit amet, consectetur adipisicing \r\n              </div>\r\n            </div>\r\n          </div>\r\n        </div>\r\n      <div class=\"resumecv-block\">\r\n      \r\n          <p class=\"head\">\r\n              <i class=\"fa fa-caret-square-o-down\" aria-hidden=\"true\"></i>\r\n            <span>More information</span>\r\n          </p>\r\n          <div>\r\n            <div class=\"resumecv-box-content\">\r\n              <div class=\"exp-content\">Lorem Ipsum is simply dummy text of the printing and typesetting industry. Lorem Ipsum has been the industry's standard dummy.Lorem Ipsum is simply dummy text of the printing and typesetting industry.\r\n  \r\n              </div>\r\n            </div>\r\n          </div>\r\n        </div>\r\n    <div class=\"resumecv-block\">\r\n      \r\n      <p class=\"head\">\r\n        <i class=\"fa fa-link\" aria-hidden=\"true\"></i>\r\n        <span>References</span>\r\n      </p>\r\n      <div>\r\n  \r\n        <div class=\"resumecv-box-content\">\r\n          <div class=\"exp-content\">Name, company, phone, email,...\r\n          </div>\r\n        </div>\r\n      </div>\r\n    </div>\r\n    \r\n  </div>\r\n  </div>\r\n  <div id=\"rb-left\">\r\n    <div class=\"block resumecv-block\">\r\n        <p class=\"h3\"><span class=\"box-title rb_data\">information</span></p>\r\n    </div>\r\n    <div class=\"box-contact\">\r\n      <p class=\"icoweb\"><i class=\"fa fa-calendar\"></i><span>22/12/1995</span>\r\n      </p>\r\n      <p class=\"icoweb\"><i class=\"fa fa-user\"></i><span>Men</span>\r\n      </p>\r\n      <p class=\"icoweb\" ><i class=\"fa fa-phone\"></i><span>+123456789</span></p>\r\n      <p class=\"icoweb\" ><i class=\"fa fa-envelope-square\"></i><span >your@email.com</span>\r\n      </p>\r\n      <p class=\"icoweb\"><i class=\"fa fa-map-marker\"></i><span>Los Angeles</span>\r\n      </p>\r\n      <p class=\"icoweb\"><i class=\"fa fa-info\"></i><span>fb.com/me</span>\r\n      </p>\r\n    </div>\r\n    <p class=\"h3\"><span class=\"box-title rb_data\">Skill</span></p>\r\n                  <div class=\"exp content-edit skill\">\r\n                    <div class=\"resumecv-box-content-skill\">\r\n                      <p class=\"skill-name\">Photoshop</p>\r\n                      <div class=\"status sk-3\">\r\n                                <span class=\"fa fa-star checked\"></span>\r\n                                <span class=\"fa fa-star checked\"></span>\r\n                                <span class=\"fa fa-star checked\"></span>\r\n                                <span class=\"fa fa-star\"></span>\r\n                                <span class=\"fa fa-star\"></span>\r\n                      </div>\r\n                    </div>\r\n                  </div>\r\n                  <div class=\"exp content-edit skill\">\r\n                    <div class=\"resumecv-box-content-skill\">\r\n                      <p class=\"skill-name\">Develop</p>\r\n                      <div class=\"\">\r\n                                <span class=\"fa fa-star checked\"></span>\r\n                                <span class=\"fa fa-star checked\"></span>\r\n                                <span class=\"fa fa-star checked\"></span>\r\n                                <span class=\"fa fa-star\"></span>\r\n                                <span class=\"fa fa-star\"></span>\r\n                      </div>\r\n                    </div>\r\n                  </div>\r\n                  <div class=\"exp content-edit skill\">\r\n                    <div class=\"resumecv-box-content-skill\">\r\n                      <p class=\"skill-name\">HTML</p>\r\n                      <div class=\"\">\r\n                                <span class=\"fa fa-star checked\"></span>\r\n                                <span class=\"fa fa-star checked\"></span>\r\n                                <span class=\"fa fa-star checked\"></span>\r\n                                <span class=\"fa fa-star\"></span>\r\n                                <span class=\"fa fa-star\"></span>\r\n                      </div>\r\n                    </div>\r\n                  </div>\r\n  </div>\r\n  </div>\r\n</div>", "style": "#resumecv-layout {\\r\\n          width: 100%;\\r\\n          max-width: 210mm;\\r\\n          padding: 0;\\r\\n            box-shadow: 0 3px 1px -2px rgba(0,0,0,.2), 0 2px 2px 0 rgba(0,0,0,.14), 0 1px 5px 0 rgba(0,0,0,.12);\\r\\n\\r\\n          \\r\\n        }\\r\\n        \\r\\n        #resumecv-main{\\r\\n        \\r\\n        font-size: 14px;line-height: 24px;\\r\\n        display: flex;\\r\\n        flex-wrap: nowrap;\\r\\n        padding: 20px;\\r\\n        background-color: #ffff;\\r\\n        }\\r\\n        \\r\\n        #rb-left .resumecv-block{\\r\\n        margin-bottom: 30px\\r\\n        }\\r\\n        \\r\\n        #rb-left {\\r\\n          width: 28%;\\r\\n          padding:10px 5px;\\r\\n          padding-left: 20px;\\r\\n          padding-top: 20px;\\r\\n        \\r\\n        }\\r\\n        #resumecv-content {\\r\\n          width: 72%;\\r\\n          background: #fff;\\r\\n          padding-right: 20px;\\r\\n          padding-top: 20px;\\r\\n        \\r\\n        }\\r\\n        \\r\\n        #resumecv-content-top{\\t\\r\\n        color: #fff;\\r\\n        background:#562F73;\\r\\n        padding: 15px;\\r\\n        padding-top: 30px;\\r\\n        }\\r\\n        #resumecv-content-top .resumecv-block {\\r\\n            position: relative;\\r\\n            text-align: center;\\r\\n        }\\r\\n        #resumecv-content-top .resumecv-block .hr_info{\\r\\n          width: 150px;\\r\\n        }\\r\\n        #resumecv-content-top .resumecv-block  img{\\r\\n            width:100px;\\r\\n            border-radius: 50%;\\r\\n        }\\r\\n        \\r\\n        #resumecv-content .resumecv-block {\\r\\n          position: relative;\\r\\n          padding: 5px 10px;\\r\\n        }\\r\\n        #rb-left .resumecv-box-content {\\r\\n        padding-bottom: 0;\\r\\n        margin:0;\\r\\n        }\\r\\n        .skill{\\r\\n        margin-top: 15px\\r\\n        }\\r\\n        \\r\\n        #resumecv-content-top h1{\\r\\n        font-size: 45px;\\t\\r\\n        margin:0;\\r\\n        color:#fff;\\r\\n        padding-top: 0px;\\r\\n        padding-left: 10px;\\r\\n        padding-bottom: 20px;\\r\\n        line-height: normal;\\r\\n        letter-spacing: 2px;\\r\\n        text-transform: capitalize;\\r\\n        font-weight: 800;\\r\\n        }\\r\\n        #resumecv-content-top .job_position{\\r\\n            font-size: 22px;\\r\\n            letter-spacing: 2px;\\r\\n            color: #fff;\\r\\n            font-weight: 600;\\r\\n            margin-top: 15px;\\t\\r\\n        \\r\\n        }\\r\\n        \\r\\n        #resumecv-content-top h1 span{\\r\\n        display:block\\r\\n        }\\r\\n        \\r\\n        \\r\\n        .box-name p{\\t\\t\\r\\n          overflow: hidden;\\r\\n        }\\r\\n        .box-name{\\t\\t\\r\\n        overflow: hidden;\\r\\n        background: #2f3a40;\\r\\n        }\\r\\n        #resumecv-content p{\\r\\n        margin-bottom: 5px\\r\\n        }\\r\\n        #rb-left .h3{\\r\\n            font-size: 18px;\\r\\n          font-weight: bold;\\r\\n          margin-top: 0;\\r\\n          text-transform: uppercase;\\r\\n        }\\r\\n        #resumecv-content .head{\\r\\n          font-size: 18px;\\r\\n          color: #2f3a40;\\r\\n          padding-bottom: 5px;\\r\\n          /* border-bottom: 2px solid #9B9C8F; */\\r\\n          font-weight: bold;\\r\\n          margin-top: 0;\\r\\n          text-transform: uppercase;\\r\\n        }\\r\\n        \\r\\n        \\r\\n        #resumecv-content h3{\\r\\n          font-weight:bold;font-size: 14px;line-height:30px;margin-bottom: 10px;color: #333;\\r\\n        }\\r\\n        \\r\\n        \\r\\n        #resumecv-content span{\\r\\n        display: inline-block;\\r\\n        padding-right: 15px;\\r\\n        padding-left: 15px;\\r\\n        }\\r\\n        \\r\\n        #rb-left .h3:first-child{\\r\\n        margin-top: 0\\r\\n        }\\r\\n        .resumecv-box-content{\\r\\n        margin-bottom: 25px;\\r\\n        padding-left: 15px;\\r\\n        position: relative;\\r\\n        }\\r\\n        \\r\\n        #resumecv-box-ava{\\t\\r\\n        text-align:center;padding:2px;margin-bottom: 10px; auto;\\r\\n        }\\r\\n        #resumecv-box-ava img{\\r\\n        padding: 0;\\r\\n        border:0;\\r\\n        width: 150px;\\r\\n        height: 150px;\\r\\n        \\r\\n        }\\r\\n        .bar-exp span {\\r\\n          display:block;\\r\\n          height: 8px;\\r\\n          background: #d9d9d9;\\r\\n        }\\r\\n        .bar-exp{\\r\\n        background: #2f3a40;\\r\\n        border: solid 2px white;\\r\\n          margin-bottom: 12px;\\r\\n        }\\r\\n        .icoweb label{\\r\\n        display: block;\\r\\n        color:#627e88;\\r\\n        }\\r\\n        .icoweb span{\\r\\n        display: block;\\r\\n        }\\r\\n        \\r\\n        .box-contact{\\r\\n        font-size: 13px;\\r\\n        padding-top:0px;\\r\\n        }\\r\\n        \\r\\n        .icoweb i.fa, .icoweb i.fab, .icoweb i.far{\\r\\n          width: 20px;\\r\\n          height: 20px;\\r\\n          background-color:#ffff;\\r\\n          border-radius: 50%;\\r\\n          -webkit-border-radius: 50%;\\r\\n          -moz-border-radius: 50%;\\r\\n          display: inline-block;\\r\\n          text-align: center;\\r\\n          font-size: 13px;\\r\\n          line-height: 20px;\\r\\n          color: #2f3a40!important;\\r\\n          margin-right: 10px;\\r\\n          margin-top: 3px;float:left\\r\\n        }\\r\\n        .head i{\\r\\n          font-size: 25px;\\r\\n          margin-right: 10px;\\r\\n        }\\r\\n        \\r\\n        #resumecv-content span.exp-date {\\r\\n          float: right;\\r\\n        }\\r\\n        .icon_fa{\\r\\n        text-align: center;\\r\\n        }\\r\\n        .icon_fa i.fa{\\r\\n        font-size: 20px;\\r\\n        border: solid 1px #ffffff;\\r\\n        border-radius: 50%;\\r\\n        padding: 5px;\\r\\n        width: 20px;\\r\\n        color: white;\\r\\n        background: #ffffff;\\r\\n        margin-bottom: 5px;\\r\\n        }\\r\\n        p.head i.fa{float:left}\\r\\n        .rb-skillrate-value[value=\\\"1\\\"]{width:20%}\\r\\n         .rb-skillrate-value[value=\\\"2\\\"]{width:40%}\\r\\n         .rb-skillrate-value[value=\\\"3\\\"]{width:60%}\\r\\n         .rb-skillrate-value[value=\\\"4\\\"]{width:80%}\\r\\n         .rb-skillrate-value[value=\\\"5\\\"]{width:100%}\\r\\n\\r\\n         \\r\\n .resumecv-box-content-skill span.fa {\\r\\n    margin-right: 8px;\\r\\n    font-size: 18px;\\r\\n}\\r\\n.resumecv-box-content-skill span.fa.checked {\\r\\n    color: #FFC531;\\r\\n}\"", "active": true, "is_premium": false, "created_at": "2022-03-28T15:07:37.027Z", "updated_at": "2022-03-28T15:07:37.027Z"}}, {"model": "resume_cv.resumecvtemplate", "pk": 2, "fields": {"category": 1, "name": "Resume 2", "thumbnail": "resumes/2022/03/28/GobYkNGjKLMq57nrJbbr3m2fMpYZeW.png", "content": "<div id=\"resumecv-layout\">\r\n  \r\n  <div id=\"resumecv-content-top\">\r\n    <div id=\"resumecv-top-info-img\">\r\n      <div class=\"resumecv-top-info\">\r\n        <h1><span>Your Full Name</span></h1>\r\n        <h2 class=\"job_position\"><span>Job position</span></h2>\r\n      </div>\r\n    </div>\r\n    <div id=\"resumecv-top-info-contact\">\r\n      <div class=\"top-contact\">\r\n        <p class=\"icoweb\" ><i class=\"fa fa-phone\"></i><span>+123456789</span></p>\r\n        <p class=\"icoweb\" ><i class=\"fa fa-envelope-square\"></i><span >your@email.com</span>\r\n        <p class=\"icoweb\"><i class=\"fa fa-map-marker\"></i><span>Los Angeles</span>\r\n      </p>\r\n      <p class=\"icoweb\"><i class=\"fa fa-info\"></i><span>fb.com/me</span>\r\n    </p>\r\n  </div>\r\n</div>\r\n</div>\r\n<div id=\"resumecv-top-bottom\">\r\n<div class=\"resumecv-block\">\r\n  <p class=\"head\">\r\n    <i class=\"fa fa-dot-circle-o\" aria-hidden=\"true\"></i>\r\n    <span>Target</span>\r\n  </p>\r\n  <div>\r\n    <div class=\"resumecv-box-content\">\r\n      <div class=\"exp-content\">Lorem Ipsum is simply dummy text of the printing and typesetting industry. Lorem Ipsum has been the industry's standard dummy.Lorem Ipsum is simply dummy text of the printing and typesetting industry.. Lorem Ipsum is simply dummy text of the printing and typesetting industry. Lorem Ipsum has been the industry's standard dummy.\r\n      </div>\r\n    </div>\r\n  </div>\r\n</div>\r\n</div>\r\n<div id=\"resumecv-main\">\r\n<div id=\"rb-left\">\r\n  \r\n  <p class=\"h3\"><span class=\"box-title rb_data\">Skill</span></p>\r\n  <div class=\"exp content-edit skill\">\r\n    <div class=\"resumecv-box-content-skill\">\r\n      <p class=\"skill-name\">Photoshop</p>\r\n      <div class=\"status sk-3\">\r\n        <span class=\"fa fa-star checked\"></span>\r\n        <span class=\"fa fa-star checked\"></span>\r\n        <span class=\"fa fa-star checked\"></span>\r\n        <span class=\"fa fa-star\"></span>\r\n        <span class=\"fa fa-star\"></span>\r\n      </div>\r\n    </div>\r\n  </div>\r\n  <div class=\"exp content-edit skill\">\r\n    <div class=\"resumecv-box-content-skill\">\r\n      <p class=\"skill-name\">Develop</p>\r\n      <div class=\"\">\r\n        <span class=\"fa fa-star checked\"></span>\r\n        <span class=\"fa fa-star checked\"></span>\r\n        <span class=\"fa fa-star checked\"></span>\r\n        <span class=\"fa fa-star\"></span>\r\n        <span class=\"fa fa-star\"></span>\r\n      </div>\r\n    </div>\r\n  </div>\r\n  <div class=\"exp content-edit skill\">\r\n    <div class=\"resumecv-box-content-skill\">\r\n      <p class=\"skill-name\">HTML</p>\r\n      <div class=\"\">\r\n        <span class=\"fa fa-star checked\"></span>\r\n        <span class=\"fa fa-star checked\"></span>\r\n        <span class=\"fa fa-star checked\"></span>\r\n        <span class=\"fa fa-star\"></span>\r\n        <span class=\"fa fa-star\"></span>\r\n      </div>\r\n    </div>\r\n  </div>\r\n</div>\r\n\r\n<div id=\"resumecv-content\">\r\n  \r\n  <div id=\"resumecv-content-main\">\r\n    \r\n    <div class=\"resumecv-block\">\r\n      \r\n      <p class=\"head\">\r\n        <i class=\"fa fa-graduation-cap\" aria-hidden=\"true\"></i>\r\n        <span >Education</span>\r\n      </p>\r\n      <div>\r\n        \r\n        <div class=\"resumecv-box-content\">\r\n          \r\n          <h3>\r\n          <span>School's name</span>\r\n          <span class=\"exp-date\"><em >07/2015</em> - <em >03/2022</em></span>\r\n          </h3>\r\n          <p class=\"h3\">\r\n            <span >Major</span>\r\n          </p>\r\n          <div class=\"exp-content\">Lorem Ipsum is simply dummy text of the printing and typesetting industry. Lorem Ipsum has been the industry's standard dummy.Lorem Ipsum is simply dummy text of the printing and typesetting industry.\r\n            \r\n          </div>\r\n        </div>\r\n      </div>\r\n    </div>\r\n    <div class=\"resumecv-block\">\r\n      \r\n      <p class=\"head\">\r\n        <i class=\"fa fa-briefcase\" aria-hidden=\"true\"></i>\r\n        <span>Expericence</span>\r\n      </p>\r\n      <div>\r\n        \r\n        <div class=\"resumecv-box-content\">\r\n          \r\n          <h3>\r\n          <span>Company's name</span>\r\n          <span class=\"exp-date\"><em>04/2022</em> - <em >Now</em></span>\r\n          </h3>\r\n          <p class=\"h3\">\r\n            <span>Position</span>\r\n          </p>\r\n          <div class=\"exp-content\">Lorem Ipsum is simply dummy text of the printing and typesetting industry. Lorem Ipsum has been the industry's standard dummy.Lorem Ipsum is simply dummy text of the printing and typesetting industry.\r\n          </div>\r\n        </div>\r\n      </div>\r\n    </div>\r\n    <div class=\"resumecv-block\">\r\n      \r\n      <p class=\"head\">\r\n        <i class=\"fa fa-user\" aria-hidden=\"true\"></i>\r\n        <span>Activities</span>\r\n      </p>\r\n      <div>\r\n        \r\n        <div class=\"resumecv-box-content\">\r\n          <h3>\r\n          <span >Organization's name</span>\r\n          <span class=\"exp-date\"><em >01/2019</em> - <em>03/2022</em></span>\r\n          </h3>\r\n          <p class=\"h3\">\r\n            <span>Position</span>\r\n          </p>\r\n          <div class=\"exp-content\">Lorem Ipsum is simply dummy text of the printing and typesetting industry. Lorem Ipsum has been the industry's standard dummy.Lorem Ipsum is simply dummy text of the printing and typesetting industry.\r\n          </div>\r\n        </div>\r\n      </div>\r\n    </div>\r\n    <div class=\"resumecv-block\">\r\n      <p class=\"head\">\r\n        <i class=\"fa fa-trophy\" aria-hidden=\"true\"></i>\r\n        <span>AWARD</span>\r\n      </p>\r\n      <div>\r\n        <div class=\"resumecv-box-content\">\r\n          <h3>\r\n          <span >Award's name</span>\r\n          <span class=\"exp-date\"><em >01/2019</em></span>\r\n          </h3>\r\n        </div>\r\n      </div>\r\n    </div>\r\n    <div class=\"resumecv-block\">\r\n      <p class=\"head\">\r\n        <i class=\"fa fa-cogs\" aria-hidden=\"true\"></i>\r\n        <span>SKILL</span>\r\n      </p>\r\n      <div>\r\n        <div class=\"resumecv-box-content\">\r\n          <h3>\r\n          <span >Skill's name</span>\r\n          </h3>\r\n          <div class=\"exp-content\">Lorem ipsum dolor sit amet, consectetur adipisicing\r\n          </div>\r\n        </div>\r\n      </div>\r\n    </div>\r\n    <div class=\"resumecv-block\">\r\n      \r\n      <p class=\"head\">\r\n        <i class=\"fa fa-caret-square-o-down\" aria-hidden=\"true\"></i>\r\n        <span>More information</span>\r\n      </p>\r\n      <div>\r\n        <div class=\"resumecv-box-content\">\r\n          <div class=\"exp-content\">Lorem Ipsum is simply dummy text of the printing and typesetting industry. Lorem Ipsum has been the industry's standard dummy.Lorem Ipsum is simply dummy text of the printing and typesetting industry.\r\n            \r\n          </div>\r\n        </div>\r\n      </div>\r\n    </div>\r\n    <div class=\"resumecv-block\">\r\n      \r\n      <p class=\"head\">\r\n        <i class=\"fa fa-link\" aria-hidden=\"true\"></i>\r\n        <span>References</span>\r\n      </p>\r\n      <div>\r\n        \r\n        <div class=\"resumecv-box-content\">\r\n          <div class=\"exp-content\">Name, company, phone, email,...\r\n          </div>\r\n        </div>\r\n      </div>\r\n    </div>\r\n    \r\n  </div>\r\n</div>\r\n</div>\r\n</div>", "style": "#resumecv-layout {\\r\\n   width: 100%;\\r\\n   max-width: 210mm;\\r\\n   background: #ffff;\\r\\n   padding: 0;\\r\\n     box-shadow: 0 3px 1px -2px rgba(0,0,0,.2), 0 2px 2px 0 rgba(0,0,0,.14), 0 1px 5px 0 rgba(0,0,0,.12);\\r\\n\\r\\n   \\r\\n }\\r\\n \\r\\n #resumecv-main{\\r\\n \\r\\n font-size: 14px;line-height: 24px;\\r\\n display: flex;\\r\\n flex-wrap: nowrap;\\r\\n background-color: #fff;\\r\\n\\r\\n }\\r\\n \\r\\n #rb-left .resumecv-block{\\r\\n margin-bottom: 30px\\r\\n }\\r\\n \\r\\n #rb-left {\\r\\n   width: 30%;\\r\\n   padding:30px 30px 30px 30px;\\r\\n   background: #fff!important;\\r\\n   \\r\\n\\r\\n }\\r\\n #resumecv-content {\\r\\n   width: 70%;\\r\\n   background: #fff;\\r\\n   margin-top: 80px;\\r\\n\\r\\n }\\r\\n \\r\\n \\r\\n #rb-left-top h1 span{\\r\\n display:block\\r\\n }\\r\\n \\r\\n #rb-left-top h2{\\r\\n margin:0;\\r\\n font-size: 16px;\\r\\n font-weight: normal;\\r\\n margin-bottom: 12px;\\r\\n text-align: left;\\r\\n   font-style: italic;\\r\\n   font-weight: 600;\\r\\n   color:#383838;\\r\\n\\r\\n }\\r\\n \\r\\n #rb-left-top h1{\\r\\n   color:#383838;\\r\\n font-size: 28px;\\t\\r\\n margin:0;\\r\\n line-height: normal;\\r\\n text-transform: uppercase;\\r\\n text-align: left;\\r\\n   font-weight: 700;\\r\\npadding-bottom: 10px;\\r\\n \\r\\n }\\r\\n \\r\\n #resumecv-content .resumecv-block {\\r\\n   position: relative;\\r\\n   padding: 5px 10px;\\r\\n }\\r\\n #rb-left .resumecv-box-content {\\r\\n padding-bottom: 0;\\r\\n margin:0;\\r\\n }\\r\\n .skill{\\r\\n margin-top: 15px\\r\\n }\\r\\n \\r\\n \\r\\n .box-name p{\\t\\t\\r\\n   overflow: hidden;\\r\\n }\\r\\n .box-name{\\t\\t\\r\\n overflow: hidden;\\r\\n background: #2f3a40;\\r\\n }\\r\\n #resumecv-content p{\\r\\n margin-bottom: 5px\\r\\n }\\r\\n #rb-left .h3{\\r\\n  color:#383838;\\r\\n\\r\\n font-size: 18px;\\r\\n   font-weight: bold;\\r\\n   margin-top: 0;\\r\\n   text-transform: uppercase;\\r\\n   \\r\\n   text-align: left;\\r\\n }\\r\\n #resumecv-content .head{\\r\\n   font-size: 18px;\\r\\n   color: #383838;\\r\\n   padding-bottom: 5px;\\r\\n   /* border-bottom: 2px solid #9B9C8F; */\\r\\n   font-weight: bold;\\r\\n   margin-top: 0;\\r\\n   text-transform: uppercase;\\r\\n }\\r\\n \\r\\n \\r\\n #resumecv-content h3{\\r\\n   font-weight:bold;font-size: 14px;line-height:30px;margin-bottom: 10px;color: #333;\\r\\n }\\r\\n \\r\\n #resumecv-content span{\\r\\n display: inline-block;\\r\\n padding-right: 15px;\\r\\n padding-left: 15px;\\r\\n }\\r\\n \\r\\n #rb-left .h3:first-child{\\r\\n margin-top: 0\\r\\n }\\r\\n .resumecv-box-content{\\r\\n margin-bottom: 25px;\\r\\n padding-left: 15px;\\r\\n position: relative;\\r\\n }\\r\\n \\r\\n #resumecv-box-ava{\\t\\r\\n margin-bottom: 10px; auto;\\r\\n }\\r\\n #resumecv-box-ava img{\\r\\n padding: 0;\\r\\n border:0;\\r\\n width: 150px;\\r\\n height: 150px;\\r\\n border-radius: 50%;\\r\\n \\r\\n }\\r\\n .bar-exp span {\\r\\n   display:block;\\r\\n   height: 8px;\\r\\n   background: #d9d9d9;\\r\\n }\\r\\n .bar-exp{\\r\\n background: #2f3a40;\\r\\n border: solid 2px white;\\r\\n   margin-bottom: 12px;\\r\\n }\\r\\n .icoweb label{\\r\\n display: block;\\r\\n color:#627e88;\\r\\n }\\r\\n .icoweb span{\\r\\n display: block;\\r\\n }\\r\\n \\r\\n .box-contact{\\r\\n font-size: 13px;\\r\\n padding-top:0px;\\r\\n }\\r\\n \\r\\n .icoweb i.fa, .icoweb i.fab, .icoweb i.far{\\r\\n   width: 20px;\\r\\n   height: 20px;\\r\\n   background-color:#333;\\r\\n   border-radius: 50%;\\r\\n   -webkit-border-radius: 50%;\\r\\n   -moz-border-radius: 50%;\\r\\n   display: inline-block;\\r\\n   text-align: center;\\r\\n   font-size: 13px;\\r\\n   line-height: 20px;\\r\\n   color: #fff!important;\\r\\n   margin-right: 10px;\\r\\n   margin-top: 3px;float:left\\r\\n }\\r\\n .head i{\\r\\n   font-size: 25px;\\r\\n   margin-right: 10px;\\r\\n }\\r\\n .exp-content{\\r\\n padding-left: 15px;\\r\\n }\\r\\n #resumecv-content span.exp-date {\\r\\n   float: right;\\r\\n }\\r\\n .icon_fa{\\r\\n text-align: center;\\r\\n }\\r\\n .icon_fa i.fa{\\r\\n font-size: 20px;\\r\\n border: solid 1px #ffffff;\\r\\n border-radius: 50%;\\r\\n padding: 5px;\\r\\n width: 20px;\\r\\n color: white;\\r\\n background: #ffffff;\\r\\n margin-bottom: 5px;\\r\\n }\\r\\n p.head i.fa{float:left}\\r\\n .rb-skillrate-value[value=\\\"1\\\"]{width:20%}\\r\\n .rb-skillrate-value[value=\\\"2\\\"]{width:40%}\\r\\n .rb-skillrate-value[value=\\\"3\\\"]{width:60%}\\r\\n .rb-skillrate-value[value=\\\"4\\\"]{width:80%}\\r\\n .rb-skillrate-value[value=\\\"5\\\"]{width:100%}\\r\\n span.date{font-weight:normal;font-style:italic;padding:0 10px;float:right}\\r\\n.resumecv-box-content-skill span.fa {\\r\\n    margin-right: 8px;\\r\\n    font-size: 18px;\\r\\n}\\r\\n.resumecv-box-content-skill span.fa.checked {\\r\\n    color: #FFC531;\\r\\n}", "active": true, "is_premium": false, "created_at": "2022-03-28T15:08:21.959Z", "updated_at": "2022-03-28T15:08:21.959Z"}}, {"model": "resume_cv.resumecvtemplate", "pk": 3, "fields": {"category": 2, "name": "CV", "thumbnail": "resumes/2022/03/28/rrh11hPn7oiHIiVFt3S1rv28xv9qBY.png", "content": "<div id=\"resumecv-layout\">\r\n  <div id=\"resumecv-content-top\">\r\n      <div id=\"resumecv-top-info-img\">\r\n          <div class=\"resumecv-top-info\">\r\n              <h1><span>YOUR NAME</span></h1>\r\n              <h2 class=\"job_position\"><span>Job position</span></h2>\r\n          </div>\r\n      </div>\r\n      <div id=\"resumecv-top-info-contact\">\r\n          <div class=\"top-contact\">\r\n              <p class=\"icoweb\" ><i class=\"fa fa-phone\"></i><span >0123456789</span></p>\r\n              <p class=\"icoweb\" ><i class=\"fa fa-envelope-square\"></i><span >email@email.com</span>\r\n                <p class=\"icoweb\"><i class=\"fa fa-map-marker\"></i><span >NewYork, USA</span>\r\n                </p>\r\n              </div>\r\n      </div>\r\n  </div>\r\n  <div class=\"resumecv-top-bottom\">\r\n    <div class=\"resumecv-block resumecv-block-first\">\r\n      <div>\r\n        <div class=\"resumecv-box-content\">\r\n          <div class=\"exp-content\">Dear Ms. Doe,\r\n          </div>\r\n        </div>\r\n      </div>\r\n      \r\n      <div>\r\n        <div class=\"resumecv-box-content\">\r\n          <div class=\"exp-content\">I was excited to see your job listing for the Lead Digital Marketing position at Westward Strategies on Indeed.com. As a dynamic email marketing specialist with over two years of professional experience executing market research, analyzing consumer data, and running A/B tests to drive successful marketing campaigns, I'm confident that I would be a valuable asset to the team at Westward. \r\n          </div>\r\n        </div>\r\n      </div>\r\n\r\n      <div>\r\n        <div class=\"resumecv-box-content\">\r\n          <div class=\"exp-content\">Your job listing mentions a need for someone who is experienced in email segmentation and campaign development, both of which are areas I have extensive experience in. I'm currently employed at Marketed Inc., where I've honed my skills by running numerous successful email marketing campaigns. While employed here, I've spearheaded a digital promotion campaign for the company's new line of sandals that successfully raised our total online engagement by an impressive 13% over the course of six months, contributing substantially to the department's annual goals. \r\n          </div>\r\n        </div>\r\n      </div>\r\n\r\n      <div>\r\n        <div class=\"resumecv-box-content\">\r\n          <div class=\"exp-content\">I'm confident that my proven track record of excellent work ethic, unparalleled attention to detail, and high-performing email marketing campaigns will make me an immediate asset at Westward Strategies, and allow me to contribute to the team's success.\r\n          </div>\r\n        </div>\r\n      </div>\r\n      <div>\r\n        <div class=\"resumecv-box-content\">\r\n          <div class=\"exp-content\">I look forward to discussing the Lead Digital Marketing position and my qualifications with you in more detail. I'm available to talk at your convenience. I'll be in touch next week to follow up and to make sure you've received my application. \r\n          </div>\r\n        </div>\r\n      </div>\r\n\r\n      <div>\r\n        <div class=\"resumecv-box-content\">\r\n          <div class=\"exp-content\">\r\n            <ul>\r\n              <li><b>Developed and executed SEO strategy</b> Lorem Ipsum is simply dummy text of the printing and typesetting industry.</li>\r\n              <li><b>Oversaw creation of new company logo</b> Lorem Ipsum is simply dummy text of the printing and typesetting industry.</li>\r\n            </ul>\r\n          </div>\r\n        </div>\r\n      </div>\r\n\r\n      <div>\r\n        <div class=\"resumecv-box-content\">\r\n          <div class=\"exp-content\">\r\n            Given the opportunity, I’m confident in my ability to achieve similar groundbreaking marketing results for XYZ Company.\r\n          </div>\r\n        </div>\r\n      </div>\r\n\r\n      <div>\r\n        <div class=\"resumecv-box-content\">\r\n          <div class=\"exp-content\">\r\n            Sincerely,\r\n          </div>\r\n        </div>\r\n      </div>\r\n\r\n      <div>\r\n        <div class=\"resumecv-box-content\">\r\n          <div class=\"exp-content\">\r\n            Marie Jones\r\n\r\n          </div>\r\n        </div>\r\n      </div>\r\n    </div>\r\n  </div>\r\n  \r\n  </div>", "style": "#resumecv-layout {\\r\\n   width: 100%;\\r\\n   max-width: 210mm;\\r\\n   background: #ffff;\\r\\n   padding: 0;\\r\\n     box-shadow: 0 3px 1px -2px rgba(0,0,0,.2), 0 2px 2px 0 rgba(0,0,0,.14), 0 1px 5px 0 rgba(0,0,0,.12);\\r\\n\\r\\n   \\r\\n }\\r\\n \\r\\n #resumecv-main{\\r\\n \\r\\n font-size: 14px;line-height: 24px;\\r\\n display: flex;\\r\\n flex-wrap: nowrap;\\r\\n background-color: #fff;\\r\\n\\r\\n }\\r\\n \\r\\n #rb-left .resumecv-block{\\r\\n margin-bottom: 30px\\r\\n }\\r\\n \\r\\n #rb-left {\\r\\n   width: 30%;\\r\\n   padding:30px 30px 30px 30px;\\r\\n   background: #fff!important;\\r\\n   \\r\\n\\r\\n }\\r\\n #resumecv-content {\\r\\n   width: 70%;\\r\\n   background: #fff;\\r\\n   margin-top: 80px;\\r\\n\\r\\n }\\r\\n \\r\\n \\r\\n #rb-left-top h1 span{\\r\\n display:block\\r\\n }\\r\\n \\r\\n #rb-left-top h2{\\r\\n margin:0;\\r\\n font-size: 16px;\\r\\n font-weight: normal;\\r\\n margin-bottom: 12px;\\r\\n text-align: left;\\r\\n   font-style: italic;\\r\\n   font-weight: 600;\\r\\n   color:#383838;\\r\\n\\r\\n }\\r\\n \\r\\n #rb-left-top h1{\\r\\n   color:#383838;\\r\\n font-size: 28px;\\t\\r\\n margin:0;\\r\\n line-height: normal;\\r\\n text-transform: uppercase;\\r\\n text-align: left;\\r\\n   font-weight: 700;\\r\\npadding-bottom: 10px;\\r\\n \\r\\n }\\r\\n \\r\\n #resumecv-content .resumecv-block {\\r\\n   position: relative;\\r\\n   padding: 5px 10px;\\r\\n }\\r\\n #rb-left .resumecv-box-content {\\r\\n padding-bottom: 0;\\r\\n margin:0;\\r\\n }\\r\\n .skill{\\r\\n margin-top: 15px\\r\\n }\\r\\n \\r\\n \\r\\n .box-name p{\\t\\t\\r\\n   overflow: hidden;\\r\\n }\\r\\n .box-name{\\t\\t\\r\\n overflow: hidden;\\r\\n background: #2f3a40;\\r\\n }\\r\\n #resumecv-content p{\\r\\n margin-bottom: 5px\\r\\n }\\r\\n #rb-left .h3{\\r\\n  color:#383838;\\r\\n\\r\\n font-size: 18px;\\r\\n   font-weight: bold;\\r\\n   margin-top: 0;\\r\\n   text-transform: uppercase;\\r\\n   \\r\\n   text-align: left;\\r\\n }\\r\\n #resumecv-content .head{\\r\\n   font-size: 18px;\\r\\n   color: #383838;\\r\\n   padding-bottom: 5px;\\r\\n   /* border-bottom: 2px solid #9B9C8F; */\\r\\n   font-weight: bold;\\r\\n   margin-top: 0;\\r\\n   text-transform: uppercase;\\r\\n }\\r\\n \\r\\n \\r\\n #resumecv-content h3{\\r\\n   font-weight:bold;font-size: 14px;line-height:30px;margin-bottom: 10px;color: #333;\\r\\n }\\r\\n \\r\\n #resumecv-content span{\\r\\n display: inline-block;\\r\\n padding-right: 15px;\\r\\n padding-left: 15px;\\r\\n }\\r\\n \\r\\n #rb-left .h3:first-child{\\r\\n margin-top: 0\\r\\n }\\r\\n .resumecv-box-content{\\r\\n margin-bottom: 25px;\\r\\n padding-left: 15px;\\r\\n position: relative;\\r\\n }\\r\\n \\r\\n #resumecv-box-ava{\\t\\r\\n margin-bottom: 10px; auto;\\r\\n }\\r\\n #resumecv-box-ava img{\\r\\n padding: 0;\\r\\n border:0;\\r\\n width: 150px;\\r\\n height: 150px;\\r\\n border-radius: 50%;\\r\\n \\r\\n }\\r\\n .bar-exp span {\\r\\n   display:block;\\r\\n   height: 8px;\\r\\n   background: #d9d9d9;\\r\\n }\\r\\n .bar-exp{\\r\\n background: #2f3a40;\\r\\n border: solid 2px white;\\r\\n   margin-bottom: 12px;\\r\\n }\\r\\n .icoweb label{\\r\\n display: block;\\r\\n color:#627e88;\\r\\n }\\r\\n .icoweb span{\\r\\n display: block;\\r\\n }\\r\\n \\r\\n .box-contact{\\r\\n font-size: 13px;\\r\\n padding-top:0px;\\r\\n }\\r\\n \\r\\n .icoweb i.fa, .icoweb i.fab, .icoweb i.far{\\r\\n   width: 20px;\\r\\n   height: 20px;\\r\\n   background-color:#333;\\r\\n   border-radius: 50%;\\r\\n   -webkit-border-radius: 50%;\\r\\n   -moz-border-radius: 50%;\\r\\n   display: inline-block;\\r\\n   text-align: center;\\r\\n   font-size: 13px;\\r\\n   line-height: 20px;\\r\\n   color: #fff!important;\\r\\n   margin-right: 10px;\\r\\n   margin-top: 3px;float:left\\r\\n }\\r\\n .head i{\\r\\n   font-size: 25px;\\r\\n   margin-right: 10px;\\r\\n }\\r\\n .exp-content{\\r\\n padding-left: 15px;\\r\\n }\\r\\n #resumecv-content span.exp-date {\\r\\n   float: right;\\r\\n }\\r\\n .icon_fa{\\r\\n text-align: center;\\r\\n }\\r\\n .icon_fa i.fa{\\r\\n font-size: 20px;\\r\\n border: solid 1px #ffffff;\\r\\n border-radius: 50%;\\r\\n padding: 5px;\\r\\n width: 20px;\\r\\n color: white;\\r\\n background: #ffffff;\\r\\n margin-bottom: 5px;\\r\\n }\\r\\n p.head i.fa{float:left}\\r\\n .rb-skillrate-value[value=\\\"1\\\"]{width:20%}\\r\\n .rb-skillrate-value[value=\\\"2\\\"]{width:40%}\\r\\n .rb-skillrate-value[value=\\\"3\\\"]{width:60%}\\r\\n .rb-skillrate-value[value=\\\"4\\\"]{width:80%}\\r\\n .rb-skillrate-value[value=\\\"5\\\"]{width:100%}\\r\\n span.date{font-weight:normal;font-style:italic;padding:0 10px;float:right}\\r\\n.resumecv-box-content-skill span.fa {\\r\\n    margin-right: 8px;\\r\\n    font-size: 18px;\\r\\n}\\r\\n.resumecv-box-content-skill span.fa.checked {\\r\\n    color: #FFC531;\\r\\n}", "active": true, "is_premium": false, "created_at": "2022-03-28T15:09:17.933Z", "updated_at": "2022-03-28T15:09:17.933Z"}}, {"model": "resume_cv.resumecvtemplate", "pk": 4, "fields": {"category": 1, "name": "Resume 3", "thumbnail": "resumes/2022/03/28/SBH1pvrgUztNXXKL3eRS5GbcF0EHiC.png", "content": "<div id=\"resumecv-layout\">\r\n  <div id=\"resumecv-content-top\">\r\n      <div id=\"resumecv-top-info-img\">\r\n          <div class=\"resumecv-top-info\">\r\n              <h1><span>YOUR NAME</span></h1>\r\n              <h2 class=\"job_position\"><span>Job position</span></h2>\r\n          </div>\r\n      </div>\r\n      <div id=\"resumecv-top-info-contact\">\r\n          <div class=\"top-contact\">\r\n              <p class=\"icoweb\" ><i class=\"fa fa-phone\"></i><span >0123456789</span></p>\r\n              <p class=\"icoweb\" ><i class=\"fa fa-envelope-square\"></i><span >email@email.com</span>\r\n                <p class=\"icoweb\"><i class=\"fa fa-map-marker\"></i><span >NewYork, USA</span>\r\n                </p>\r\n              </div>\r\n      </div>\r\n  </div>\r\n  <div class=\"resumecv-top-bottom\">\r\n    <div class=\"resumecv-block resumecv-block-first\">\r\n      <div>\r\n        <div class=\"resumecv-box-content\">\r\n          <div class=\"exp-content\">Dear Ms. Doe,\r\n          </div>\r\n        </div>\r\n      </div>\r\n      \r\n      <div>\r\n        <div class=\"resumecv-box-content\">\r\n          <div class=\"exp-content\">I was excited to see your job listing for the Lead Digital Marketing position at Westward Strategies on Indeed.com. As a dynamic email marketing specialist with over two years of professional experience executing market research, analyzing consumer data, and running A/B tests to drive successful marketing campaigns, I'm confident that I would be a valuable asset to the team at Westward. \r\n          </div>\r\n        </div>\r\n      </div>\r\n\r\n      <div>\r\n        <div class=\"resumecv-box-content\">\r\n          <div class=\"exp-content\">Your job listing mentions a need for someone who is experienced in email segmentation and campaign development, both of which are areas I have extensive experience in. I'm currently employed at Marketed Inc., where I've honed my skills by running numerous successful email marketing campaigns. While employed here, I've spearheaded a digital promotion campaign for the company's new line of sandals that successfully raised our total online engagement by an impressive 13% over the course of six months, contributing substantially to the department's annual goals. \r\n          </div>\r\n        </div>\r\n      </div>\r\n\r\n      <div>\r\n        <div class=\"resumecv-box-content\">\r\n          <div class=\"exp-content\">I'm confident that my proven track record of excellent work ethic, unparalleled attention to detail, and high-performing email marketing campaigns will make me an immediate asset at Westward Strategies, and allow me to contribute to the team's success.\r\n          </div>\r\n        </div>\r\n      </div>\r\n      <div>\r\n        <div class=\"resumecv-box-content\">\r\n          <div class=\"exp-content\">I look forward to discussing the Lead Digital Marketing position and my qualifications with you in more detail. I'm available to talk at your convenience. I'll be in touch next week to follow up and to make sure you've received my application. \r\n          </div>\r\n        </div>\r\n      </div>\r\n\r\n      <div>\r\n        <div class=\"resumecv-box-content\">\r\n          <div class=\"exp-content\">\r\n            <ul>\r\n              <li><b>Developed and executed SEO strategy</b> Lorem Ipsum is simply dummy text of the printing and typesetting industry.</li>\r\n              <li><b>Oversaw creation of new company logo</b> Lorem Ipsum is simply dummy text of the printing and typesetting industry.</li>\r\n            </ul>\r\n          </div>\r\n        </div>\r\n      </div>\r\n\r\n      <div>\r\n        <div class=\"resumecv-box-content\">\r\n          <div class=\"exp-content\">\r\n            Given the opportunity, I’m confident in my ability to achieve similar groundbreaking marketing results for XYZ Company.\r\n          </div>\r\n        </div>\r\n      </div>\r\n\r\n      <div>\r\n        <div class=\"resumecv-box-content\">\r\n          <div class=\"exp-content\">\r\n            Sincerely,\r\n          </div>\r\n        </div>\r\n      </div>\r\n\r\n      <div>\r\n        <div class=\"resumecv-box-content\">\r\n          <div class=\"exp-content\">\r\n            Marie Jones\r\n\r\n          </div>\r\n        </div>\r\n      </div>\r\n    </div>\r\n  </div>\r\n  \r\n  </div>", "style": "#resumecv-layout {\\r\\n   width: 100%;\\r\\n   max-width: 210mm;\\r\\n   background: #ffff;\\r\\n   padding: 0;\\r\\n     box-shadow: 0 3px 1px -2px rgba(0,0,0,.2), 0 2px 2px 0 rgba(0,0,0,.14), 0 1px 5px 0 rgba(0,0,0,.12);\\r\\n\\r\\n   \\r\\n }\\r\\n \\r\\n #resumecv-main{\\r\\n \\r\\n font-size: 14px;line-height: 24px;\\r\\n display: flex;\\r\\n flex-wrap: nowrap;\\r\\n background-color: #fff;\\r\\n\\r\\n }\\r\\n \\r\\n #rb-left .resumecv-block{\\r\\n margin-bottom: 30px\\r\\n }\\r\\n \\r\\n #rb-left {\\r\\n   width: 30%;\\r\\n   padding:30px 30px 30px 30px;\\r\\n   background: #fff!important;\\r\\n   \\r\\n\\r\\n }\\r\\n #resumecv-content {\\r\\n   width: 70%;\\r\\n   background: #fff;\\r\\n   margin-top: 80px;\\r\\n\\r\\n }\\r\\n \\r\\n \\r\\n #rb-left-top h1 span{\\r\\n display:block\\r\\n }\\r\\n \\r\\n #rb-left-top h2{\\r\\n margin:0;\\r\\n font-size: 16px;\\r\\n font-weight: normal;\\r\\n margin-bottom: 12px;\\r\\n text-align: left;\\r\\n   font-style: italic;\\r\\n   font-weight: 600;\\r\\n   color:#383838;\\r\\n\\r\\n }\\r\\n \\r\\n #rb-left-top h1{\\r\\n   color:#383838;\\r\\n font-size: 28px;\\t\\r\\n margin:0;\\r\\n line-height: normal;\\r\\n text-transform: uppercase;\\r\\n text-align: left;\\r\\n   font-weight: 700;\\r\\npadding-bottom: 10px;\\r\\n \\r\\n }\\r\\n \\r\\n #resumecv-content .resumecv-block {\\r\\n   position: relative;\\r\\n   padding: 5px 10px;\\r\\n }\\r\\n #rb-left .resumecv-box-content {\\r\\n padding-bottom: 0;\\r\\n margin:0;\\r\\n }\\r\\n .skill{\\r\\n margin-top: 15px\\r\\n }\\r\\n \\r\\n \\r\\n .box-name p{\\t\\t\\r\\n   overflow: hidden;\\r\\n }\\r\\n .box-name{\\t\\t\\r\\n overflow: hidden;\\r\\n background: #2f3a40;\\r\\n }\\r\\n #resumecv-content p{\\r\\n margin-bottom: 5px\\r\\n }\\r\\n #rb-left .h3{\\r\\n  color:#383838;\\r\\n\\r\\n font-size: 18px;\\r\\n   font-weight: bold;\\r\\n   margin-top: 0;\\r\\n   text-transform: uppercase;\\r\\n   \\r\\n   text-align: left;\\r\\n }\\r\\n #resumecv-content .head{\\r\\n   font-size: 18px;\\r\\n   color: #383838;\\r\\n   padding-bottom: 5px;\\r\\n   /* border-bottom: 2px solid #9B9C8F; */\\r\\n   font-weight: bold;\\r\\n   margin-top: 0;\\r\\n   text-transform: uppercase;\\r\\n }\\r\\n \\r\\n \\r\\n #resumecv-content h3{\\r\\n   font-weight:bold;font-size: 14px;line-height:30px;margin-bottom: 10px;color: #333;\\r\\n }\\r\\n \\r\\n #resumecv-content span{\\r\\n display: inline-block;\\r\\n padding-right: 15px;\\r\\n padding-left: 15px;\\r\\n }\\r\\n \\r\\n #rb-left .h3:first-child{\\r\\n margin-top: 0\\r\\n }\\r\\n .resumecv-box-content{\\r\\n margin-bottom: 25px;\\r\\n padding-left: 15px;\\r\\n position: relative;\\r\\n }\\r\\n \\r\\n #resumecv-box-ava{\\t\\r\\n margin-bottom: 10px; auto;\\r\\n }\\r\\n #resumecv-box-ava img{\\r\\n padding: 0;\\r\\n border:0;\\r\\n width: 150px;\\r\\n height: 150px;\\r\\n border-radius: 50%;\\r\\n \\r\\n }\\r\\n .bar-exp span {\\r\\n   display:block;\\r\\n   height: 8px;\\r\\n   background: #d9d9d9;\\r\\n }\\r\\n .bar-exp{\\r\\n background: #2f3a40;\\r\\n border: solid 2px white;\\r\\n   margin-bottom: 12px;\\r\\n }\\r\\n .icoweb label{\\r\\n display: block;\\r\\n color:#627e88;\\r\\n }\\r\\n .icoweb span{\\r\\n display: block;\\r\\n }\\r\\n \\r\\n .box-contact{\\r\\n font-size: 13px;\\r\\n padding-top:0px;\\r\\n }\\r\\n \\r\\n .icoweb i.fa, .icoweb i.fab, .icoweb i.far{\\r\\n   width: 20px;\\r\\n   height: 20px;\\r\\n   background-color:#333;\\r\\n   border-radius: 50%;\\r\\n   -webkit-border-radius: 50%;\\r\\n   -moz-border-radius: 50%;\\r\\n   display: inline-block;\\r\\n   text-align: center;\\r\\n   font-size: 13px;\\r\\n   line-height: 20px;\\r\\n   color: #fff!important;\\r\\n   margin-right: 10px;\\r\\n   margin-top: 3px;float:left\\r\\n }\\r\\n .head i{\\r\\n   font-size: 25px;\\r\\n   margin-right: 10px;\\r\\n }\\r\\n .exp-content{\\r\\n padding-left: 15px;\\r\\n }\\r\\n #resumecv-content span.exp-date {\\r\\n   float: right;\\r\\n }\\r\\n .icon_fa{\\r\\n text-align: center;\\r\\n }\\r\\n .icon_fa i.fa{\\r\\n font-size: 20px;\\r\\n border: solid 1px #ffffff;\\r\\n border-radius: 50%;\\r\\n padding: 5px;\\r\\n width: 20px;\\r\\n color: white;\\r\\n background: #ffffff;\\r\\n margin-bottom: 5px;\\r\\n }\\r\\n p.head i.fa{float:left}\\r\\n .rb-skillrate-value[value=\\\"1\\\"]{width:20%}\\r\\n .rb-skillrate-value[value=\\\"2\\\"]{width:40%}\\r\\n .rb-skillrate-value[value=\\\"3\\\"]{width:60%}\\r\\n .rb-skillrate-value[value=\\\"4\\\"]{width:80%}\\r\\n .rb-skillrate-value[value=\\\"5\\\"]{width:100%}\\r\\n span.date{font-weight:normal;font-style:italic;padding:0 10px;float:right}\\r\\n.resumecv-box-content-skill span.fa {\\r\\n    margin-right: 8px;\\r\\n    font-size: 18px;\\r\\n}\\r\\n.resumecv-box-content-skill span.fa.checked {\\r\\n    color: #FFC531;\\r\\n}", "active": true, "is_premium": false, "created_at": "2022-03-28T15:09:48.648Z", "updated_at": "2022-03-28T15:09:48.648Z"}}, {"model": "resume_cv.resumecv", "pk": 1, "fields": {"user": 18, "template": 1, "code": "2a3e9cf2-60a9-411c-8bf1-3b5b781d8c3b", "name": "CV", "content": "", "style": "", "is_published": true, "view_count": 0, "created_at": "2022-04-01T10:02:29.081Z", "updated_at": "2022-04-01T10:02:29.081Z"}}, {"model": "resume_cv.resumecv", "pk": 2, "fields": {"user": 18, "template": 1, "code": "b0f0c292-126a-4383-a9b4-594256250952", "name": "Gaming", "content": "", "style": "", "is_published": true, "view_count": 0, "created_at": "2022-04-01T15:46:49.511Z", "updated_at": "2022-04-01T15:46:49.511Z"}}, {"model": "resume_cv.resumecv", "pk": 3, "fields": {"user": 3, "template": 1, "code": "f63b97ac-ac11-4c39-a9b7-9a27134b65e4", "name": "Technology", "content": null, "style": null, "is_published": true, "view_count": 0, "created_at": "2022-04-19T14:03:51.451Z", "updated_at": "2022-04-19T15:36:21.757Z"}}, {"model": "resume_cv.resumecv", "pk": 4, "fields": {"user": 3, "template": 1, "code": "d7c23652-df2a-49f5-8027-b02ba1e915a0", "name": "Technology", "content": "", "style": "", "is_published": true, "view_count": 0, "created_at": "2022-04-19T14:08:11.063Z", "updated_at": "2022-04-19T14:08:11.063Z"}}, {"model": "resume_cv.resumecv", "pk": 5, "fields": {"user": 3, "template": 1, "code": "e7d7bd1e-859b-4b3a-8a17-17804940f42c", "name": "Technology", "content": "", "style": "", "is_published": true, "view_count": 0, "created_at": "2022-04-19T14:09:23.357Z", "updated_at": "2022-04-19T14:09:23.357Z"}}, {"model": "resume_cv.resumecv", "pk": 6, "fields": {"user": 3, "template": 3, "code": "7f41e65d-495c-4f5f-9b94-1c8cc6152fe3", "name": "Programming", "content": "<div id=\"resumecv-layout\"><div id=\"resumecv-content-top\"><div id=\"resumecv-top-info-img\"><div class=\"resumecv-top-info\"><h1><span id=\"i1uk\">Manjurul Hoque Rumi</span></h1><h2 class=\"job_position\"><span>Job position</span></h2></div></div><div id=\"resumecv-top-info-contact\"><div class=\"top-contact\"><p class=\"icoweb\"><i class=\"fa fa-phone\"></i><span>0123456789</span></p><p id=\"i243r\" class=\"icoweb\"><i class=\"fa fa-envelope-square\"></i><span>email@email.com</span></p><p class=\"icoweb\"><i class=\"fa fa-map-marker\"></i><span>NewYork, USA</span></p></div></div></div><div class=\"resumecv-top-bottom\"><div class=\"resumecv-block resumecv-block-first\"><div><div class=\"resumecv-box-content\"><div class=\"exp-content\">Dear Ms. Doe,\n          </div></div></div><div><div class=\"resumecv-box-content\"><div class=\"exp-content\">I was excited to see your job listing for the Lead Digital Marketing position at Westward Strategies on Indeed.com. As a dynamic email marketing specialist with over two years of professional experience executing market research, analyzing consumer data, and running A/B tests to drive successful marketing campaigns, I'm confident that I would be a valuable asset to the team at Westward. \n          </div></div></div><div><div class=\"resumecv-box-content\"><div class=\"exp-content\">Your job listing mentions a need for someone who is experienced in email segmentation and campaign development, both of which are areas I have extensive experience in. I'm currently employed at Marketed Inc., where I've honed my skills by running numerous successful email marketing campaigns. While employed here, I've spearheaded a digital promotion campaign for the company's new line of sandals that successfully raised our total online engagement by an impressive 13% over the course of six months, contributing substantially to the department's annual goals. \n          </div></div></div><div><div class=\"resumecv-box-content\"><div class=\"exp-content\">I'm confident that my proven track record of excellent work ethic, unparalleled attention to detail, and high-performing email marketing campaigns will make me an immediate asset at Westward Strategies, and allow me to contribute to the team's success.\n          </div></div></div><div><div class=\"resumecv-box-content\"><div class=\"exp-content\">I look forward to discussing the Lead Digital Marketing position and my qualifications with you in more detail. I'm available to talk at your convenience. I'll be in touch next week to follow up and to make sure you've received my application. \n          </div></div></div><div><div class=\"resumecv-box-content\"><div class=\"exp-content\"><ul><li><b>Developed and executed SEO strategy</b> Lorem Ipsum is simply dummy text of the printing and typesetting industry.</li><li><b>Oversaw creation of new company logo</b> Lorem Ipsum is simply dummy text of the printing and typesetting industry.</li></ul></div></div></div><div><div class=\"resumecv-box-content\"><div class=\"exp-content\">\n            Given the opportunity, I’m confident in my ability to achieve similar groundbreaking marketing results for XYZ Company.\n          </div></div></div><div><div class=\"resumecv-box-content\"><div class=\"exp-content\">\n            Sincerely,\n          </div></div></div><div><div class=\"resumecv-box-content\"><div class=\"exp-content\">\n            Marie Jones\n\n          </div></div></div></div></div></div>", "style": "body{ font-family: sans-serif; max-width: 210mm;height:auto;margin: 20px auto;background: #fff;box-shadow: 0 3px 1px -2px rgba(0,0,0,.2), 0 2px 2px 0 rgba(0,0,0,.14), 0 1px 5px 0 rgba(0,0,0,.12);}body{font-family:sans-serif;max-width:210mm;height:auto;margin-top:20px;margin-right:auto;margin-bottom:20px;margin-left:auto;background-image:initial;background-position-x:initial;background-position-y:initial;background-size:initial;background-repeat-x:initial;background-repeat-y:initial;background-attachment:initial;background-origin:initial;background-clip:initial;background-color:rgb(255, 255, 255);box-shadow:rgba(0, 0, 0, 0.2) 0px 3px 1px -2px, rgba(0, 0, 0, 0.14) 0px 2px 2px 0px, rgba(0, 0, 0, 0.12) 0px 1px 5px 0px;}rn rn #resumecv-main{line-height:24px;}rn rn rn #resumecv-content h3{font-size:14px;line-height:30px;margin-bottom:10px;color:rgb(51, 51, 51);}rn p.head i.fa{float:left;}rn .rb-skillrate-value[value=\"\\\"1\\\"\"]{width:20%;}rn .rb-skillrate-value[value=\"\\\"2\\\"\"]{width:40%;}rn .rb-skillrate-value[value=\"\\\"3\\\"\"]{width:60%;}rn .rb-skillrate-value[value=\"\\\"4\\\"\"]{width:80%;}rn .rb-skillrate-value[value=\"\\\"5\\\"\"]{width:100%;}rn span.date{font-weight:normal;font-style:italic;padding-top:0px;padding-right:10px;padding-bottom:0px;padding-left:10px;float:right;}", "is_published": true, "view_count": 0, "created_at": "2022-04-19T14:46:54.221Z", "updated_at": "2022-04-19T15:40:58.375Z"}}, {"model": "resume_cv.resumecv", "pk": 7, "fields": {"user": 3, "template": 1, "code": "ebe4a9cc-cbe0-4604-8ed2-3f682b17f619", "name": "Gaming", "content": "", "style": "", "is_published": true, "view_count": 0, "created_at": "2022-04-19T15:43:12.973Z", "updated_at": "2022-04-19T15:43:12.973Z"}}, {"model": "accounts.user", "pk": 1, "fields": {"password": "pbkdf2_sha256$180000$ZGsuQDGgC9KS$Yj1Q6KG4f3PoimF9JMyAixa3McDkWm7BZoe419wzrD0=", "last_login": "2020-12-19T05:32:26.416Z", "is_superuser": false, "first_name": "Google", "last_name": "Ltd.", "is_staff": false, "is_active": true, "date_joined": "2019-04-03T18:24:13.950Z", "role": "employer", "gender": "", "email": "contact@google.com", "groups": [], "user_permissions": []}}, {"model": "accounts.user", "pk": 2, "fields": {"password": "pbkdf2_sha256$180000$eVNjKapb8ASq$V3P2KD+1KZrhbsgavDg5lAQEV3CNBiuLlHJTcUhJ5SI=", "last_login": "2020-12-01T16:09:03.645Z", "is_superuser": false, "first_name": "Audacity Ltd", "last_name": "Dhaka", "is_staff": false, "is_active": true, "date_joined": "2019-04-05T17:45:34.906Z", "role": "employer", "gender": "", "email": "audacity@gmail.com", "groups": [], "user_permissions": []}}, {"model": "accounts.user", "pk": 3, "fields": {"password": "pbkdf2_sha256$320000$l0nAqWivz4S6BNFyEBfUYL$RpZ0h7LAy5u7IGIXxzubjrV4LzNxdMXohojsc+fabQ8=", "last_login": "2022-04-19T14:03:01.264Z", "is_superuser": false, "first_name": "Manzurul2", "last_name": "Hoque", "is_staff": false, "is_active": true, "date_joined": "2019-04-06T17:13:25.494Z", "role": "employee", "gender": "male", "email": "rumi@gmail.com", "groups": [], "user_permissions": []}}, {"model": "accounts.user", "pk": 4, "fields": {"password": "pbkdf2_sha256$120000$1oPPPSsl5L3z$Po2qjbQeM1YRiwXdGHnbgm4Ocf9XIeL0aDqdcdiu8Wc=", "last_login": "2019-04-10T17:07:34.287Z", "is_superuser": false, "first_name": "Sadman", "last_name": "Shamsuddin", "is_staff": false, "is_active": true, "date_joined": "2019-04-10T17:07:24.608Z", "role": "employee", "gender": "male", "email": "sadman@gmail.com", "groups": [], "user_permissions": []}}, {"model": "accounts.user", "pk": 5, "fields": {"password": "pbkdf2_sha256$180000$oRp4hGWs2fcI$huokZAAKIhxJ5jP4FE8g3N9qV60P2Ql7e0vHfCZcDdc=", "last_login": null, "is_superuser": false, "first_name": "", "last_name": "", "is_staff": false, "is_active": true, "date_joined": "2020-07-30T18:26:13.419Z", "role": "employee", "gender": "Male", "email": "rumi2@gmail.com", "groups": [], "user_permissions": []}}, {"model": "accounts.user", "pk": 6, "fields": {"password": "pbkdf2_sha256$180000$DHoxFqmkJCkx$swNxDaGno4fTU+if5ZMYqpT4AbZU3bBF3R0S6N9xMBA=", "last_login": null, "is_superuser": false, "first_name": "", "last_name": "", "is_staff": false, "is_active": true, "date_joined": "2020-07-30T18:27:12.479Z", "role": "employee", "gender": "Male", "email": "rumi22@gmail.com", "groups": [], "user_permissions": []}}, {"model": "accounts.user", "pk": 8, "fields": {"password": "!3g7bcOe7lifotgWzLqOKUuGTXtNeusQMYN2brRH1", "last_login": "2021-01-09T19:33:22.723Z", "is_superuser": false, "first_name": "Rumi", "last_name": "Manjurul Hoque", "is_staff": false, "is_active": true, "date_joined": "2020-11-01T18:45:14.034Z", "role": "employee", "gender": "male", "email": "rumimanzurulhoque22@gmail.com", "groups": [], "user_permissions": []}}, {"model": "accounts.user", "pk": 9, "fields": {"password": "pbkdf2_sha256$320000$AE4Nz52HSg8eHONQTiFFXJ$4sKqJ6wEwUKgk94FZtp7VihRZoXHAZeFGDZvDiCoTsU=", "last_login": "2022-03-28T14:51:43.945Z", "is_superuser": true, "first_name": "", "last_name": "", "is_staff": true, "is_active": true, "date_joined": "2020-11-18T18:05:38.925Z", "role": "", "gender": "", "email": "admin@admin.com", "groups": [], "user_permissions": []}}, {"model": "accounts.user", "pk": 10, "fields": {"password": "!JSBaWaeJCfoYv1zVbDXiNxAYHPxS8gKDBS16xnDX", "last_login": "2021-01-09T19:10:25.413Z", "is_superuser": false, "first_name": "Manjurul Hoque", "last_name": "Rumi", "is_staff": false, "is_active": true, "date_joined": "2021-01-09T19:10:25.389Z", "role": "employee", "gender": "", "email": "manzurulhoquerumi34@gmail.com", "groups": [], "user_permissions": []}}, {"model": "accounts.user", "pk": 11, "fields": {"password": "!OE0uEsshDoiTW0ZvyjTDaeMvaNYUfWQ6MNpBPOiI", "last_login": "2021-01-09T19:11:28.951Z", "is_superuser": false, "first_name": "Manjurul", "last_name": "Rumi", "is_staff": false, "is_active": true, "date_joined": "2021-01-09T19:11:28.925Z", "role": "employee", "gender": "", "email": "rumi@impelitsolutions.com", "groups": [], "user_permissions": []}}, {"model": "accounts.user", "pk": 12, "fields": {"password": "!e5IH5xzRS7LYJD662JT97ayVmTchXZCqWdO3NpYz", "last_login": "2021-01-10T14:54:41.877Z", "is_superuser": false, "first_name": "Manzurulhoque", "last_name": "Rumi", "is_staff": false, "is_active": true, "date_joined": "2021-01-09T19:34:34.848Z", "role": "employee", "gender": "", "email": "rumimanzurulhoque45@gmail.com", "groups": [], "user_permissions": []}}, {"model": "accounts.user", "pk": 13, "fields": {"password": "!ZwFcozvXhNDftvpDHvBRwakRuxi3HKQVS4ydIMN3", "last_login": "2021-01-09T19:42:13.011Z", "is_superuser": false, "first_name": "Carol", "last_name": "Alfaedeacfghf Narayananescu", "is_staff": false, "is_active": true, "date_joined": "2021-01-09T19:42:12.987Z", "role": "employee", "gender": "", "email": "pfnkwgojyk_1610221211@tfbnw.net", "groups": [], "user_permissions": []}}, {"model": "accounts.user", "pk": 14, "fields": {"password": "!djzm3am1Jih8UrNSNmCaetpcSDng31Ud1MUcotXB", "last_login": "2021-01-10T15:27:35.686Z", "is_superuser": false, "first_name": "Manzurulhoque", "last_name": "Rumi", "is_staff": false, "is_active": true, "date_joined": "2021-01-10T14:59:51.038Z", "role": "employee", "gender": "", "email": "rumimanzurulhoque@gmail.com", "groups": [], "user_permissions": []}}, {"model": "accounts.user", "pk": 15, "fields": {"password": "!nRESW9pucbqGx5HZIjuSjjdBTc8XjHPxKnbx3W8u", "last_login": "2021-01-10T15:17:31.070Z", "is_superuser": false, "first_name": "Manjurul Hoque", "last_name": "Rumi", "is_staff": false, "is_active": true, "date_joined": "2021-01-10T15:17:30.811Z", "role": "employee", "gender": "", "email": "manzurulhoquerumi@gmail.com", "groups": [], "user_permissions": []}}, {"model": "accounts.user", "pk": 16, "fields": {"password": "pbkdf2_sha256$180000$YNc8t9CY68zb$5AGXC+AXHDhnaTpIS1lMkBRwjog+mgYa3kn1laf8fuQ=", "last_login": "2021-04-16T10:15:08.362Z", "is_superuser": false, "first_name": "ABCD", "last_name": "kushtia", "is_staff": false, "is_active": true, "date_joined": "2021-04-04T05:58:19.494Z", "role": "employer", "gender": "", "email": "raju@mail.com", "groups": [], "user_permissions": []}}, {"model": "accounts.user", "pk": 17, "fields": {"password": "pbkdf2_sha256$180000$VrVpjI25TRif$g0Lk9ZYTeTPsjCnP9jmmGFHG/nhY+S5hYklJdfTmKfc=", "last_login": "2021-04-16T10:06:54.868Z", "is_superuser": false, "first_name": "test", "last_name": "user", "is_staff": false, "is_active": true, "date_joined": "2021-04-16T10:06:41.507Z", "role": "employee", "gender": "male", "email": "test@mail.com", "groups": [], "user_permissions": []}}, {"model": "accounts.user", "pk": 18, "fields": {"password": "pbkdf2_sha256$320000$Bhu4xOXrwaPdAa0oBxF8hA$st10TjGtJ7tHpEQZkjJCOJc7qyENZTcOl/pZSX3y/Os=", "last_login": "2022-04-01T09:57:02.691Z", "is_superuser": false, "first_name": "John", "last_name": "Doe", "is_staff": false, "is_active": true, "date_joined": "2021-12-03T14:01:43.337Z", "role": "employee", "gender": "male", "email": "john@gmail.com", "groups": [], "user_permissions": []}}, {"model": "accounts.user", "pk": 19, "fields": {"password": "pbkdf2_sha256$320000$Bhu4xOXrwaPdAa0oBxF8hA$st10TjGtJ7tHpEQZkjJCOJc7qyENZTcOl/pZSX3y/Os=", "last_login": null, "is_superuser": false, "first_name": "SSL Wireless", "last_name": "Farmgate", "is_staff": false, "is_active": true, "date_joined": "2021-12-04T15:11:16.745Z", "role": "employer", "gender": "", "email": "ssl@gmail.com", "groups": [], "user_permissions": []}}, {"model": "accounts.user", "pk": 21, "fields": {"password": "pbkdf2_sha256$320000$Bhu4xOXrwaPdAa0oBxF8hA$st10TjGtJ7tHpEQZkjJCOJc7qyENZTcOl/pZSX3y/Os=", "last_login": null, "is_superuser": false, "first_name": "Impel IT Solutions", "last_name": "Mirpur", "is_staff": false, "is_active": true, "date_joined": "2022-01-18T16:11:32.513Z", "role": "employer", "gender": "", "email": "impel@gmail.com", "groups": [], "user_permissions": []}}, {"model": "accounts.user", "pk": 22, "fields": {"password": "pbkdf2_sha256$320000$18hdkuZ6O6twfrLjmbAdFv$41mLSfKP4p8qLR7PNeRKS++CiXpvfjmhIPjv65Cp7no=", "last_login": "2022-02-13T15:16:25.197Z", "is_superuser": false, "first_name": "NewsCred", "last_name": "Gulshan 1", "is_staff": false, "is_active": true, "date_joined": "2022-02-13T15:13:44.230Z", "role": "employer", "gender": "", "email": "newscred@gmail.com", "groups": [], "user_permissions": []}}, {"model": "accounts.user", "pk": 23, "fields": {"password": "pbkdf2_sha256$320000$JxhHyZCyYIcLW9SX5oLpWT$8s2waE2ZNtioBAQQ9Mj/AXJJl+XeXcqTdiZqPzcX5Rs=", "last_login": "2022-05-05T21:51:25.978Z", "is_superuser": true, "first_name": "", "last_name": "", "is_staff": true, "is_active": true, "date_joined": "2022-04-29T16:43:46.267Z", "role": "", "gender": "", "email": "pankaj@gmail.com", "groups": [], "user_permissions": []}}, {"model": "accounts.user", "pk": 24, "fields": {"password": "pbkdf2_sha256$320000$MajugB4tYJi6L4Ut1ogAdh$fnIQx36nNFuzWeRCOi2UC9SsotJO21I5JeA+SPmBn9Q=", "last_login": "2022-05-06T08:17:21.654Z", "is_superuser": false, "first_name": "Codingnap", "last_name": "Ghaziabad", "is_staff": false, "is_active": true, "date_joined": "2022-04-29T16:52:11.425Z", "role": "employer", "gender": "", "email": "pankajsinghrana2003@gmail.com", "groups": [], "user_permissions": []}}, {"model": "accounts.user", "pk": 25, "fields": {"password": "pbkdf2_sha256$320000$e51kTNbMM0wJII08zQiJZN$BQKCVrATBj9ibe3P1EIsEOHNIk3H9AnaRIdohjyW/gs=", "last_login": "2022-04-29T19:09:15.842Z", "is_superuser": false, "first_name": "Pankaj", "last_name": "Singh Rana", "is_staff": false, "is_active": true, "date_joined": "2022-04-29T19:09:07.372Z", "role": "employee", "gender": "male", "email": "20325@iiitu.ac.in", "groups": [], "user_permissions": []}}, {"model": "accounts.user", "pk": 26, "fields": {"password": "pbkdf2_sha256$320000$REoiRDrRDxinH2OYu8ImIa$XyeBufFtftfkTihyeZqDF75hRD/qRnvfIhpYcIr4YTw=", "last_login": "2022-05-06T04:57:29.855Z", "is_superuser": false, "first_name": "Pankaj", "last_name": "Singh Rana", "is_staff": false, "is_active": true, "date_joined": "2022-05-06T04:57:12.304Z", "role": "employee", "gender": "male", "email": "nmastepankaj@gmail.com", "groups": [], "user_permissions": []}}, {"model": "accounts.user", "pk": 27, "fields": {"password": "pbkdf2_sha256$320000$nnep0H7edFR95uI5CDRjQs$G+o2W6qBxf5k8OdpmxpEW21GyDpfjmg5v+WtPkng67M=", "last_login": "2022-08-26T09:42:58.395Z", "is_superuser": false, "first_name": "CodingNap", "last_name": "KH NO 15/1 chapraulla Ghaziabad", "is_staff": false, "is_active": true, "date_joined": "2022-08-26T06:44:32.521Z", "role": "employer", "gender": "", "email": "pankaj@codingnap.com", "groups": [], "user_permissions": []}}, {"model": "accounts.user", "pk": 28, "fields": {"password": "pbkdf2_sha256$320000$159vMogzpwEp8kpznGFRNF$5ilKsg80Mp+Q663w+pSGdykFNOhLRzpMPLHbd97jPY0=", "last_login": "2022-08-26T09:43:53.611Z", "is_superuser": true, "first_name": "", "last_name": "", "is_staff": true, "is_active": true, "date_joined": "2022-08-26T06:50:40.529Z", "role": "", "gender": "", "email": "rana@gmail.com", "groups": [], "user_permissions": []}}, {"model": "tags.tag", "pk": 1, "fields": {"name": "PHP"}}, {"model": "tags.tag", "pk": 2, "fields": {"name": "Laravel"}}, {"model": "tags.tag", "pk": 3, "fields": {"name": "Python"}}, {"model": "tags.tag", "pk": 4, "fields": {"name": "Django"}}, {"model": "tags.tag", "pk": 5, "fields": {"name": "Database"}}, {"model": "tags.tag", "pk": 6, "fields": {"name": "MySQL"}}, {"model": "tags.tag", "pk": 7, "fields": {"name": "Team Management"}}, {"model": "tags.tag", "pk": 8, "fields": {"name": "Java"}}, {"model": "tags.tag", "pk": 9, "fields": {"name": "Android"}}, {"model": "tags.tag", "pk": 10, "fields": {"name": "Kotlin"}}, {"model": "tags.tag", "pk": 11, "fields": {"name": "Node Js"}}, {"model": "tags.tag", "pk": 12, "fields": {"name": "Backend Developer"}}, {"model": "tags.tag", "pk": 13, "fields": {"name": "Frontend Developer"}}, {"model": "social_django.usersocialauth", "pk": 10, "fields": {"user": 14, "provider": "google-oauth2", "uid": "rumimanzurulhoque@gmail.com", "extra_data": "{\"auth_time\": 1610292455, \"expires\": null, \"access_token\": \"ya29.a0AfH6SMCzNqujdp92YKIYaYexW4xGdmhwnNuEDJYWmFBC5UVoa4_u1UYdhQKxqSH16a58VFqS-Mt8TsKulOJ1YjTx2iwj93UwlqVyVQbWkQ3s2QO1BuQ7wMO9-8J9X6Cv7Bl9gH1b6vxGcnqOnlfMotJvOokjwHLXyLc-YewstpI\", \"token_type\": null}", "created": "2021-01-10T14:59:51.041Z", "modified": "2021-01-10T15:27:35.414Z"}}, {"model": "social_django.usersocialauth", "pk": 11, "fields": {"user": 15, "provider": "google-oauth2", "uid": "manzurulhoquerumi@gmail.com", "extra_data": "{\"auth_time\": 1610291851, \"expires\": null, \"access_token\": \"ya29.a0AfH6SMCoIPX9fOIb1NxUz2CQDo2oe_q5ttNlHHRpgQc-QrieuQ2m78YsQulDqsv5TbF75JF_oyZsqRq5VcLFDorqjK5bGm10V22IGHVYHEU4FCXpq5y3zxxgdaS53dDKKBZEQGuzy_kR1INReCi6-A_9aCysSpQKZNfXn-mfRtB2\", \"token_type\": null}", "created": "2021-01-10T15:17:30.814Z", "modified": "2021-01-10T15:17:31.061Z"}}]